-- phpMyAdmin SQL Dump
-- version 4.1.14.8
-- http://www.phpmyadmin.net
--
-- Servidor: db686363322.db.1and1.com
-- Tiempo de generación: 15-11-2017 a las 16:37:56
-- Versión del servidor: 5.5.57-0+deb7u1-log
-- Versión de PHP: 5.4.45-0+deb7u11

SET SQL_MODE = "NO_AUTO_VALUE_ON_ZERO";
SET time_zone = "+00:00";


/*!40101 SET @OLD_CHARACTER_SET_CLIENT=@@CHARACTER_SET_CLIENT */;
/*!40101 SET @OLD_CHARACTER_SET_RESULTS=@@CHARACTER_SET_RESULTS */;
/*!40101 SET @OLD_COLLATION_CONNECTION=@@COLLATION_CONNECTION */;
/*!40101 SET NAMES utf8 */;

--
-- Base de datos: `db686363322`
--

-- --------------------------------------------------------

--
-- Estructura de tabla para la tabla `controlAccesorios`
--

CREATE TABLE IF NOT EXISTS `controlAccesorios` (
  `id` int(11) NOT NULL AUTO_INCREMENT,
  `idControlRecibe` int(11) NOT NULL,
  `idAccesorio` int(11) NOT NULL,
  `idEstatus` int(11) NOT NULL,
  PRIMARY KEY (`id`)
) ENGINE=InnoDB  DEFAULT CHARSET=latin1 AUTO_INCREMENT=16627 ;

--
-- Volcado de datos para la tabla `controlAccesorios`
--

INSERT INTO `controlAccesorios` (`id`, `idControlRecibe`, `idAccesorio`, `idEstatus`) VALUES
(772, 8, 1, 1),
(773, 8, 2, 1),
(774, 8, 3, 1),
(775, 8, 4, 1),
(776, 8, 5, 1),
(777, 8, 6, 1),
(778, 8, 7, 2),
(779, 8, 8, 1),
(780, 8, 9, 1),
(781, 8, 10, 2),
(782, 8, 11, 2),
(783, 8, 12, 1),
(784, 8, 13, 1),
(785, 8, 14, 2),
(786, 8, 15, 1),
(787, 8, 16, 2),
(788, 8, 17, 1),
(789, 8, 18, 2),
(790, 8, 19, 1),
(791, 8, 20, 2),
(792, 8, 21, 2),
(793, 8, 22, 1),
(794, 8, 25, 2),
(795, 8, 26, 2),
(796, 8, 27, 2),
(797, 8, 28, 1),
(798, 8, 29, 1),
(799, 8, 30, 2),
(800, 8, 31, 1),
(801, 8, 32, 1),
(802, 8, 33, 1),
(835, 10, 1, 1),
(836, 10, 2, 1),
(837, 10, 3, 1),
(838, 10, 4, 1),
(839, 10, 5, 1),
(840, 10, 6, 1),
(841, 10, 7, 2),
(842, 10, 8, 1),
(843, 10, 9, 1),
(844, 10, 10, 2),
(845, 10, 11, 2),
(846, 10, 12, 1),
(847, 10, 13, 1),
(848, 10, 14, 2),
(849, 10, 15, 1),
(850, 10, 16, 2),
(851, 10, 17, 1),
(852, 10, 18, 2),
(853, 10, 19, 1),
(854, 10, 20, 2),
(855, 10, 21, 2),
(856, 10, 22, 1),
(857, 10, 23, 2),
(858, 10, 24, 2),
(859, 10, 25, 2),
(860, 10, 26, 2),
(861, 10, 27, 2),
(862, 10, 28, 1),
(863, 10, 29, 2),
(864, 10, 30, 2),
(865, 10, 31, 1),
(866, 10, 32, 1),
(867, 10, 33, 1),
(868, 11, 1, 1),
(869, 11, 2, 1),
(870, 11, 3, 1),
(871, 11, 4, 1),
(872, 11, 5, 1),
(873, 11, 6, 1),
(874, 11, 7, 2),
(875, 11, 8, 1),
(876, 11, 9, 1),
(877, 11, 10, 2),
(878, 11, 11, 2),
(879, 11, 12, 1),
(880, 11, 13, 1),
(881, 11, 14, 2),
(882, 11, 15, 1),
(883, 11, 16, 2),
(884, 11, 17, 1),
(885, 11, 18, 2),
(886, 11, 19, 1),
(887, 11, 20, 2),
(888, 11, 21, 2),
(889, 11, 22, 1),
(890, 11, 23, 2),
(891, 11, 24, 2),
(892, 11, 25, 2),
(893, 11, 26, 2),
(894, 11, 27, 2),
(895, 11, 28, 1),
(896, 11, 29, 2),
(897, 11, 30, 2),
(898, 11, 31, 1),
(899, 11, 32, 1),
(900, 11, 33, 1),
(901, 12, 1, 1),
(902, 12, 2, 1),
(903, 12, 3, 1),
(904, 12, 4, 1),
(905, 12, 5, 1),
(906, 12, 6, 1),
(907, 12, 7, 2),
(908, 12, 8, 1),
(909, 12, 9, 1),
(910, 12, 10, 2),
(911, 12, 11, 2),
(912, 12, 12, 1),
(913, 12, 13, 1),
(914, 12, 14, 2),
(915, 12, 15, 1),
(916, 12, 16, 2),
(917, 12, 17, 1),
(918, 12, 18, 2),
(919, 12, 19, 1),
(920, 12, 20, 2),
(921, 12, 21, 2),
(922, 12, 22, 1),
(923, 12, 23, 2),
(924, 12, 24, 2),
(925, 12, 25, 2),
(926, 12, 26, 2),
(927, 12, 27, 2),
(928, 12, 28, 1),
(929, 12, 29, 2),
(930, 12, 30, 2),
(931, 12, 31, 1),
(932, 12, 32, 1),
(933, 12, 33, 1),
(934, 13, 1, 1),
(935, 13, 2, 1),
(936, 13, 3, 1),
(937, 13, 4, 1),
(938, 13, 5, 1),
(939, 13, 6, 1),
(940, 13, 7, 2),
(941, 13, 8, 1),
(942, 13, 9, 1),
(943, 13, 10, 2),
(944, 13, 11, 2),
(945, 13, 12, 1),
(946, 13, 13, 1),
(947, 13, 14, 2),
(948, 13, 15, 1),
(949, 13, 16, 2),
(950, 13, 17, 1),
(951, 13, 18, 2),
(952, 13, 19, 1),
(953, 13, 20, 2),
(954, 13, 21, 2),
(955, 13, 22, 1),
(956, 13, 23, 2),
(957, 13, 24, 2),
(958, 13, 25, 2),
(959, 13, 26, 2),
(960, 13, 27, 2),
(961, 13, 28, 1),
(962, 13, 29, 2),
(963, 13, 30, 2),
(964, 13, 31, 1),
(965, 13, 32, 1),
(966, 13, 33, 1),
(967, 14, 1, 1),
(968, 14, 2, 1),
(969, 14, 3, 1),
(970, 14, 4, 1),
(971, 14, 5, 1),
(972, 14, 6, 1),
(973, 14, 7, 2),
(974, 14, 8, 1),
(975, 14, 9, 1),
(976, 14, 10, 2),
(977, 14, 11, 2),
(978, 14, 12, 1),
(979, 14, 13, 1),
(980, 14, 14, 2),
(981, 14, 15, 1),
(982, 14, 16, 2),
(983, 14, 17, 1),
(984, 14, 18, 2),
(985, 14, 19, 1),
(986, 14, 20, 2),
(987, 14, 21, 2),
(988, 14, 22, 1),
(989, 14, 23, 2),
(990, 14, 24, 2),
(991, 14, 25, 2),
(992, 14, 26, 2),
(993, 14, 27, 2),
(994, 14, 28, 1),
(995, 14, 29, 2),
(996, 14, 30, 2),
(997, 14, 31, 1),
(998, 14, 32, 1),
(999, 14, 33, 1),
(1000, 15, 1, 1),
(1001, 15, 2, 1),
(1002, 15, 3, 1),
(1003, 15, 4, 1),
(1004, 15, 5, 1),
(1005, 15, 6, 1),
(1006, 15, 7, 2),
(1007, 15, 8, 1),
(1008, 15, 9, 1),
(1009, 15, 10, 2),
(1010, 15, 11, 2),
(1011, 15, 12, 1),
(1012, 15, 13, 1),
(1013, 15, 14, 2),
(1014, 15, 15, 1),
(1015, 15, 16, 2),
(1016, 15, 17, 1),
(1017, 15, 18, 2),
(1018, 15, 19, 1),
(1019, 15, 20, 2),
(1020, 15, 21, 2),
(1021, 15, 22, 1),
(1022, 15, 23, 2),
(1023, 15, 24, 2),
(1024, 15, 25, 2),
(1025, 15, 26, 2),
(1026, 15, 27, 2),
(1027, 15, 28, 1),
(1028, 15, 29, 2),
(1029, 15, 30, 2),
(1030, 15, 31, 1),
(1031, 15, 32, 1),
(1032, 15, 33, 1),
(1033, 16, 1, 1),
(1034, 16, 2, 1),
(1035, 16, 3, 1),
(1036, 16, 4, 1),
(1037, 16, 5, 1),
(1038, 16, 6, 1),
(1039, 16, 7, 2),
(1040, 16, 8, 1),
(1041, 16, 9, 1),
(1042, 16, 10, 2),
(1043, 16, 11, 2),
(1044, 16, 12, 1),
(1045, 16, 13, 1),
(1046, 16, 14, 2),
(1047, 16, 15, 1),
(1048, 16, 16, 2),
(1049, 16, 17, 1),
(1050, 16, 18, 2),
(1051, 16, 19, 1),
(1052, 16, 20, 2),
(1053, 16, 21, 2),
(1054, 16, 22, 1),
(1055, 16, 23, 2),
(1056, 16, 24, 2),
(1057, 16, 25, 2),
(1058, 16, 26, 2),
(1059, 16, 27, 2),
(1060, 16, 28, 1),
(1061, 16, 29, 2),
(1062, 16, 30, 2),
(1063, 16, 31, 1),
(1064, 16, 32, 1),
(1065, 16, 33, 1),
(1066, 17, 1, 1),
(1067, 17, 2, 1),
(1068, 17, 3, 1),
(1069, 17, 4, 1),
(1070, 17, 5, 2),
(1071, 17, 6, 1),
(1072, 17, 7, 2),
(1073, 17, 8, 1),
(1074, 17, 9, 1),
(1075, 17, 10, 2),
(1076, 17, 11, 2),
(1077, 17, 12, 1),
(1078, 17, 13, 2),
(1079, 17, 14, 1),
(1080, 17, 15, 1),
(1081, 17, 16, 2),
(1082, 17, 17, 2),
(1083, 17, 18, 2),
(1084, 17, 19, 1),
(1085, 17, 20, 2),
(1086, 17, 21, 2),
(1087, 17, 22, 1),
(1088, 17, 23, 2),
(1089, 17, 24, 2),
(1090, 17, 25, 2),
(1091, 17, 26, 2),
(1092, 17, 27, 2),
(1093, 17, 28, 1),
(1094, 17, 29, 1),
(1095, 17, 30, 2),
(1096, 17, 31, 1),
(1097, 17, 32, 1),
(1098, 17, 33, 2),
(1099, 18, 1, 1),
(1100, 18, 2, 1),
(1101, 18, 3, 1),
(1102, 18, 4, 1),
(1103, 18, 5, 2),
(1104, 18, 6, 1),
(1105, 18, 7, 2),
(1106, 18, 8, 1),
(1107, 18, 9, 1),
(1108, 18, 10, 2),
(1109, 18, 11, 2),
(1110, 18, 12, 1),
(1111, 18, 13, 2),
(1112, 18, 14, 1),
(1113, 18, 15, 1),
(1114, 18, 16, 2),
(1115, 18, 17, 2),
(1116, 18, 18, 2),
(1117, 18, 19, 1),
(1118, 18, 20, 2),
(1119, 18, 21, 2),
(1120, 18, 22, 1),
(1121, 18, 23, 2),
(1122, 18, 24, 2),
(1123, 18, 25, 2),
(1124, 18, 26, 2),
(1125, 18, 27, 2),
(1126, 18, 28, 1),
(1127, 18, 29, 1),
(1128, 18, 30, 2),
(1129, 18, 31, 1),
(1130, 18, 32, 1),
(1131, 18, 33, 2),
(1527, 31, 1, 1),
(1528, 31, 2, 1),
(1529, 31, 3, 1),
(1530, 31, 4, 1),
(1531, 31, 5, 1),
(1532, 31, 6, 1),
(1533, 31, 7, 2),
(1534, 31, 8, 1),
(1535, 31, 9, 1),
(1536, 31, 10, 2),
(1537, 31, 11, 2),
(1538, 31, 12, 1),
(1539, 31, 13, 1),
(1540, 31, 14, 2),
(1541, 31, 15, 1),
(1542, 31, 16, 2),
(1543, 31, 17, 1),
(1544, 31, 18, 2),
(1545, 31, 19, 1),
(1546, 31, 20, 2),
(1547, 31, 21, 2),
(1548, 31, 22, 1),
(1549, 31, 23, 2),
(1550, 31, 24, 2),
(1551, 31, 25, 2),
(1552, 31, 26, 2),
(1553, 31, 27, 2),
(1554, 31, 28, 1),
(1555, 31, 29, 1),
(1556, 31, 30, 2),
(1557, 31, 31, 1),
(1558, 31, 32, 1),
(1559, 31, 33, 1),
(1560, 32, 1, 1),
(1561, 32, 2, 1),
(1562, 32, 3, 1),
(1563, 32, 4, 1),
(1564, 32, 5, 1),
(1565, 32, 6, 1),
(1566, 32, 7, 2),
(1567, 32, 8, 1),
(1568, 32, 9, 1),
(1569, 32, 10, 2),
(1570, 32, 11, 2),
(1571, 32, 12, 1),
(1572, 32, 13, 1),
(1573, 32, 14, 2),
(1574, 32, 15, 1),
(1575, 32, 16, 2),
(1576, 32, 17, 1),
(1577, 32, 18, 2),
(1578, 32, 19, 1),
(1579, 32, 20, 2),
(1580, 32, 21, 2),
(1581, 32, 22, 1),
(1582, 32, 23, 2),
(1583, 32, 24, 2),
(1584, 32, 25, 2),
(1585, 32, 26, 2),
(1586, 32, 27, 2),
(1587, 32, 28, 1),
(1588, 32, 29, 1),
(1589, 32, 31, 1),
(1590, 32, 32, 1),
(1591, 32, 33, 1),
(1625, 34, 1, 1),
(1626, 34, 2, 1),
(1627, 34, 3, 1),
(1628, 34, 4, 1),
(1629, 34, 5, 1),
(1630, 34, 6, 1),
(1631, 34, 7, 2),
(1632, 34, 8, 1),
(1633, 34, 9, 1),
(1634, 34, 10, 2),
(1635, 34, 11, 2),
(1636, 34, 12, 1),
(1637, 34, 13, 1),
(1638, 34, 14, 2),
(1639, 34, 15, 1),
(1640, 34, 16, 2),
(1641, 34, 17, 1),
(1642, 34, 18, 2),
(1643, 34, 19, 1),
(1644, 34, 20, 2),
(1645, 34, 21, 2),
(1646, 34, 22, 1),
(1647, 34, 23, 2),
(1648, 34, 24, 2),
(1649, 34, 25, 2),
(1650, 34, 26, 2),
(1651, 34, 27, 2),
(1652, 34, 28, 1),
(1653, 34, 29, 1),
(1654, 34, 30, 2),
(1655, 34, 31, 1),
(1656, 34, 32, 1),
(1657, 34, 33, 1),
(1658, 35, 1, 1),
(1659, 35, 2, 1),
(1660, 35, 3, 1),
(1661, 35, 4, 1),
(1662, 35, 5, 1),
(1663, 35, 6, 1),
(1664, 35, 7, 2),
(1665, 35, 8, 1),
(1666, 35, 9, 1),
(1667, 35, 10, 2),
(1668, 35, 11, 2),
(1669, 35, 12, 1),
(1670, 35, 13, 1),
(1671, 35, 14, 2),
(1672, 35, 15, 1),
(1673, 35, 16, 2),
(1674, 35, 17, 1),
(1675, 35, 18, 2),
(1676, 35, 19, 1),
(1677, 35, 20, 2),
(1678, 35, 21, 2),
(1679, 35, 22, 1),
(1680, 35, 23, 2),
(1681, 35, 24, 2),
(1682, 35, 25, 2),
(1683, 35, 26, 2),
(1684, 35, 27, 2),
(1685, 35, 28, 1),
(1686, 35, 29, 1),
(1687, 35, 30, 2),
(1688, 35, 31, 1),
(1689, 35, 32, 1),
(1690, 35, 33, 1),
(1691, 36, 1, 1),
(1692, 36, 2, 1),
(1693, 36, 3, 1),
(1694, 36, 4, 2),
(1695, 36, 5, 1),
(1696, 36, 6, 1),
(1697, 36, 7, 2),
(1698, 36, 8, 1),
(1699, 36, 9, 1),
(1700, 36, 10, 2),
(1701, 36, 11, 2),
(1702, 36, 12, 1),
(1703, 36, 13, 1),
(1704, 36, 14, 2),
(1705, 36, 15, 1),
(1706, 36, 16, 2),
(1707, 36, 17, 1),
(1708, 36, 18, 2),
(1709, 36, 19, 1),
(1710, 36, 20, 2),
(1711, 36, 21, 2),
(1712, 36, 22, 1),
(1713, 36, 23, 2),
(1714, 36, 24, 2),
(1715, 36, 25, 2),
(1716, 36, 27, 2),
(1717, 36, 28, 1),
(1718, 36, 29, 1),
(1719, 36, 30, 2),
(1720, 36, 31, 1),
(1721, 36, 32, 1),
(1722, 36, 33, 1),
(1723, 37, 1, 1),
(1724, 37, 2, 1),
(1725, 37, 3, 1),
(1726, 37, 4, 1),
(1727, 37, 5, 1),
(1728, 37, 6, 1),
(1729, 37, 7, 2),
(1730, 37, 8, 2),
(1731, 37, 9, 1),
(1732, 37, 10, 2),
(1733, 37, 11, 2),
(1734, 37, 12, 1),
(1735, 37, 13, 1),
(1736, 37, 14, 2),
(1737, 37, 15, 1),
(1738, 37, 16, 2),
(1739, 37, 17, 1),
(1740, 37, 18, 2),
(1741, 37, 19, 1),
(1742, 37, 20, 2),
(1743, 37, 21, 2),
(1744, 37, 22, 1),
(1745, 37, 23, 2),
(1746, 37, 24, 2),
(1747, 37, 25, 2),
(1748, 37, 26, 2),
(1749, 37, 27, 2),
(1750, 37, 28, 1),
(1751, 37, 29, 1),
(1752, 37, 30, 2),
(1753, 37, 31, 1),
(1754, 37, 32, 1),
(1755, 37, 33, 1),
(1822, 40, 1, 1),
(1823, 40, 2, 1),
(1824, 40, 3, 1),
(1825, 40, 4, 1),
(1826, 40, 5, 1),
(1827, 40, 6, 1),
(1828, 40, 7, 2),
(1829, 40, 8, 1),
(1830, 40, 9, 1),
(1831, 40, 10, 2),
(1832, 40, 11, 2),
(1833, 40, 12, 1),
(1834, 40, 13, 1),
(1835, 40, 14, 2),
(1836, 40, 15, 1),
(1837, 40, 16, 2),
(1838, 40, 17, 1),
(1839, 40, 18, 2),
(1840, 40, 19, 1),
(1841, 40, 20, 2),
(1842, 40, 21, 2),
(1843, 40, 22, 1),
(1844, 40, 23, 2),
(1845, 40, 24, 2),
(1846, 40, 25, 2),
(1847, 40, 26, 2),
(1848, 40, 27, 2),
(1849, 40, 28, 1),
(1850, 40, 29, 1),
(1851, 40, 30, 2),
(1852, 40, 31, 1),
(1853, 40, 32, 1),
(1854, 40, 33, 1),
(1855, 41, 1, 1),
(1856, 41, 2, 1),
(1857, 41, 3, 1),
(1858, 41, 4, 1),
(1859, 41, 5, 2),
(1860, 41, 6, 1),
(1861, 41, 7, 2),
(1862, 41, 8, 1),
(1863, 41, 9, 1),
(1864, 41, 10, 1),
(1865, 41, 11, 1),
(1866, 41, 12, 2),
(1867, 41, 13, 2),
(1868, 41, 14, 1),
(1869, 41, 15, 1),
(1870, 41, 16, 2),
(1871, 41, 17, 2),
(1872, 41, 18, 2),
(1873, 41, 19, 1),
(1874, 41, 20, 2),
(1875, 41, 21, 2),
(1876, 41, 22, 1),
(1877, 41, 23, 2),
(1878, 41, 24, 2),
(1879, 41, 25, 2),
(1880, 41, 26, 2),
(1881, 41, 27, 2),
(1882, 41, 28, 2),
(1883, 41, 29, 2),
(1884, 41, 30, 2),
(1885, 41, 31, 1),
(1886, 41, 32, 1),
(1887, 41, 33, 2),
(1921, 43, 1, 1),
(1922, 43, 2, 1),
(1923, 43, 3, 1),
(1924, 43, 4, 1),
(1925, 43, 5, 1),
(1926, 43, 6, 1),
(1927, 43, 7, 2),
(1928, 43, 8, 1),
(1929, 43, 9, 1),
(1930, 43, 10, 2),
(1931, 43, 11, 2),
(1932, 43, 12, 1),
(1933, 43, 13, 1),
(1934, 43, 14, 2),
(1935, 43, 15, 1),
(1936, 43, 16, 2),
(1937, 43, 17, 1),
(1938, 43, 18, 2),
(1939, 43, 19, 1),
(1940, 43, 20, 2),
(1941, 43, 21, 1),
(1942, 43, 22, 1),
(1943, 43, 23, 2),
(1944, 43, 24, 2),
(1945, 43, 25, 2),
(1946, 43, 26, 2),
(1947, 43, 27, 2),
(1948, 43, 28, 1),
(1949, 43, 29, 1),
(1950, 43, 30, 2),
(1951, 43, 31, 1),
(1952, 43, 32, 1),
(1953, 43, 33, 1),
(2275, 1, 1, 1),
(2276, 1, 2, 1),
(2277, 1, 3, 1),
(2278, 1, 4, 1),
(2279, 1, 5, 2),
(2280, 1, 6, 1),
(2281, 1, 7, 2),
(2282, 1, 8, 1),
(2283, 1, 9, 1),
(2284, 1, 10, 1),
(2285, 1, 11, 1),
(2286, 1, 12, 2),
(2287, 1, 13, 2),
(2288, 1, 14, 1),
(2289, 1, 15, 1),
(2290, 1, 16, 2),
(2291, 1, 17, 2),
(2292, 1, 18, 2),
(2293, 1, 19, 1),
(2294, 1, 20, 2),
(2295, 1, 21, 2),
(2296, 1, 22, 1),
(2297, 1, 23, 1),
(2298, 1, 24, 2),
(2299, 1, 25, 1),
(2300, 1, 26, 2),
(2301, 1, 27, 1),
(2302, 1, 28, 2),
(2303, 1, 29, 2),
(2304, 1, 30, 2),
(2305, 1, 31, 1),
(2306, 1, 32, 1),
(2307, 1, 33, 2),
(2308, 1, 0, 1),
(2309, 1, 0, 2),
(2310, 1, 0, 2),
(2770, 58, 1, 2),
(2771, 58, 2, 2),
(2772, 58, 3, 2),
(2773, 58, 4, 1),
(2774, 58, 5, 1),
(2775, 58, 6, 1),
(2776, 58, 7, 2),
(2777, 58, 8, 1),
(2778, 58, 9, 1),
(2779, 58, 10, 1),
(2780, 58, 11, 1),
(2781, 58, 12, 1),
(2782, 58, 13, 2),
(2783, 58, 14, 2),
(2784, 58, 15, 1),
(2785, 58, 16, 2),
(2786, 58, 17, 2),
(2787, 58, 18, 2),
(2788, 58, 19, 1),
(2789, 58, 20, 2),
(2790, 58, 21, 1),
(2791, 58, 22, 1),
(2792, 58, 23, 1),
(2793, 58, 24, 2),
(2794, 58, 25, 2),
(2795, 58, 26, 2),
(2796, 58, 27, 2),
(2797, 58, 28, 1),
(2798, 58, 29, 1),
(2799, 58, 30, 2),
(2800, 58, 31, 1),
(2801, 58, 32, 1),
(2802, 58, 33, 1),
(2803, 59, 1, 2),
(2804, 59, 2, 2),
(2805, 59, 3, 2),
(2806, 59, 4, 1),
(2807, 59, 5, 1),
(2808, 59, 6, 1),
(2809, 59, 7, 2),
(2810, 59, 8, 1),
(2811, 59, 9, 1),
(2812, 59, 10, 1),
(2813, 59, 11, 1),
(2814, 59, 12, 1),
(2815, 59, 13, 2),
(2816, 59, 14, 2),
(2817, 59, 15, 1),
(2818, 59, 16, 2),
(2819, 59, 17, 2),
(2820, 59, 18, 2),
(2821, 59, 19, 1),
(2822, 59, 20, 2),
(2823, 59, 21, 1),
(2824, 59, 22, 1),
(2825, 59, 23, 1),
(2826, 59, 24, 2),
(2827, 59, 25, 2),
(2828, 59, 26, 2),
(2829, 59, 27, 2),
(2830, 59, 28, 1),
(2831, 59, 29, 1),
(2832, 59, 30, 2),
(2833, 59, 31, 1),
(2834, 59, 32, 1),
(2835, 59, 33, 1),
(3117, 61, 1, 2),
(3118, 61, 2, 2),
(3119, 61, 3, 2),
(3120, 61, 4, 1),
(3121, 61, 5, 1),
(3122, 61, 6, 1),
(3123, 61, 7, 2),
(3124, 61, 8, 1),
(3125, 61, 9, 1),
(3126, 61, 10, 1),
(3127, 61, 11, 1),
(3128, 61, 12, 1),
(3129, 61, 13, 2),
(3130, 61, 14, 2),
(3131, 61, 15, 1),
(3132, 61, 16, 2),
(3133, 61, 17, 2),
(3134, 61, 18, 2),
(3135, 61, 19, 1),
(3136, 61, 20, 2),
(3137, 61, 21, 1),
(3138, 61, 22, 1),
(3139, 61, 23, 1),
(3140, 61, 24, 2),
(3141, 61, 25, 2),
(3142, 61, 26, 2),
(3143, 61, 27, 2),
(3144, 61, 28, 1),
(3145, 61, 29, 1),
(3146, 61, 30, 2),
(3147, 61, 31, 1),
(3148, 61, 32, 1),
(3149, 61, 33, 1),
(3150, 61, 0, 1),
(3151, 61, 0, 2),
(3152, 61, 0, 2),
(3553, 21, 1, 1),
(3554, 21, 2, 1),
(3555, 21, 3, 1),
(3556, 21, 4, 1),
(3557, 21, 5, 2),
(3558, 21, 6, 1),
(3559, 21, 7, 2),
(3560, 21, 8, 1),
(3561, 21, 9, 1),
(3562, 21, 10, 2),
(3563, 21, 11, 2),
(3564, 21, 12, 2),
(3565, 21, 13, 2),
(3566, 21, 14, 1),
(3567, 21, 15, 1),
(3568, 21, 16, 2),
(3569, 21, 17, 2),
(3570, 21, 18, 2),
(3571, 21, 19, 1),
(3572, 21, 20, 2),
(3573, 21, 21, 2),
(3574, 21, 22, 1),
(3575, 21, 23, 2),
(3576, 21, 24, 2),
(3577, 21, 25, 2),
(3578, 21, 26, 2),
(3579, 21, 27, 2),
(3580, 21, 28, 2),
(3581, 21, 29, 2),
(3582, 21, 30, 2),
(3583, 21, 31, 1),
(3584, 21, 32, 1),
(3585, 21, 33, 2),
(3586, 21, 0, 1),
(3587, 21, 0, 2),
(3588, 21, 0, 2),
(4245, 76, 1, 1),
(4246, 76, 2, 1),
(4247, 76, 3, 1),
(4248, 76, 4, 1),
(4249, 76, 5, 2),
(4250, 76, 6, 1),
(4251, 76, 7, 2),
(4252, 76, 8, 2),
(4253, 76, 9, 2),
(4254, 76, 10, 1),
(4255, 76, 11, 1),
(4256, 76, 12, 2),
(4257, 76, 13, 2),
(4258, 76, 14, 2),
(4259, 76, 15, 1),
(4260, 76, 16, 2),
(4261, 76, 17, 2),
(4262, 76, 18, 2),
(4263, 76, 19, 1),
(4264, 76, 20, 2),
(4265, 76, 21, 2),
(4266, 76, 22, 1),
(4267, 76, 23, 2),
(4268, 76, 24, 2),
(4269, 76, 25, 1),
(4270, 76, 26, 2),
(4271, 76, 27, 2),
(4272, 76, 28, 2),
(4273, 76, 29, 2),
(4274, 76, 30, 2),
(4275, 76, 31, 1),
(4276, 76, 32, 1),
(4277, 76, 33, 2),
(4278, 77, 1, 1),
(4279, 77, 2, 1),
(4280, 77, 3, 1),
(4281, 77, 4, 1),
(4282, 77, 5, 2),
(4283, 77, 6, 1),
(4284, 77, 7, 2),
(4285, 77, 8, 2),
(4286, 77, 9, 2),
(4287, 77, 10, 1),
(4288, 77, 11, 1),
(4289, 77, 12, 2),
(4290, 77, 13, 2),
(4291, 77, 14, 2),
(4292, 77, 15, 1),
(4293, 77, 16, 2),
(4294, 77, 17, 2),
(4295, 77, 18, 2),
(4296, 77, 19, 1),
(4297, 77, 20, 2),
(4298, 77, 21, 2),
(4299, 77, 22, 1),
(4300, 77, 23, 2),
(4301, 77, 24, 2),
(4302, 77, 25, 1),
(4303, 77, 26, 2),
(4304, 77, 27, 2),
(4305, 77, 28, 2),
(4306, 77, 29, 2),
(4307, 77, 30, 2),
(4308, 77, 31, 1),
(4309, 77, 32, 1),
(4310, 77, 33, 1),
(4341, 79, 1, 1),
(4342, 79, 2, 1),
(4343, 79, 3, 1),
(4344, 79, 4, 1),
(4345, 79, 5, 2),
(4346, 79, 6, 1),
(4347, 79, 7, 2),
(4348, 79, 9, 2),
(4349, 79, 10, 1),
(4350, 79, 11, 1),
(4351, 79, 12, 2),
(4352, 79, 13, 2),
(4353, 79, 14, 2),
(4354, 79, 15, 1),
(4355, 79, 16, 2),
(4356, 79, 17, 2),
(4357, 79, 18, 2),
(4358, 79, 19, 1),
(4359, 79, 20, 2),
(4360, 79, 21, 2),
(4361, 79, 22, 1),
(4362, 79, 23, 2),
(4363, 79, 24, 2),
(4364, 79, 25, 2),
(4365, 79, 26, 2),
(4366, 79, 27, 2),
(4367, 79, 28, 2),
(4368, 79, 29, 2),
(4369, 79, 30, 2),
(4370, 79, 31, 1),
(4371, 79, 32, 1),
(4372, 79, 33, 2),
(4481, 2, 1, 2),
(4482, 2, 2, 1),
(4483, 2, 3, 2),
(4484, 2, 4, 2),
(4485, 2, 5, 2),
(4486, 2, 6, 2),
(4487, 2, 7, 2),
(4488, 2, 8, 2),
(4489, 2, 9, 2),
(4490, 2, 10, 1),
(4491, 2, 11, 1),
(4492, 2, 12, 2),
(4493, 2, 13, 2),
(4494, 2, 14, 2),
(4495, 2, 15, 1),
(4496, 2, 16, 2),
(4497, 2, 17, 2),
(4498, 2, 18, 2),
(4499, 2, 19, 1),
(4500, 2, 20, 2),
(4501, 2, 21, 2),
(4502, 2, 22, 1),
(4503, 2, 23, 1),
(4504, 2, 24, 2),
(4505, 2, 25, 2),
(4506, 2, 26, 1),
(4507, 2, 27, 2),
(4508, 2, 28, 2),
(4509, 2, 29, 2),
(4510, 2, 30, 2),
(4511, 2, 31, 1),
(4512, 2, 32, 1),
(4513, 2, 33, 1),
(4514, 2, 0, 1),
(4515, 2, 0, 1),
(4516, 2, 0, 1),
(4585, 64, 1, 1),
(4586, 64, 2, 1),
(4587, 64, 3, 1),
(4588, 64, 4, 1),
(4589, 64, 5, 1),
(4590, 64, 6, 2),
(4591, 64, 7, 2),
(4592, 64, 8, 2),
(4593, 64, 9, 1),
(4594, 64, 10, 1),
(4595, 64, 11, 1),
(4596, 64, 12, 2),
(4597, 64, 13, 1),
(4598, 64, 14, 1),
(4599, 64, 15, 1),
(4600, 64, 16, 1),
(4601, 64, 17, 1),
(4602, 64, 18, 2),
(4603, 64, 19, 1),
(4604, 64, 20, 2),
(4605, 64, 21, 1),
(4606, 64, 22, 1),
(4607, 64, 23, 1),
(4608, 64, 24, 2),
(4609, 64, 25, 1),
(4610, 64, 26, 1),
(4611, 64, 27, 2),
(4612, 64, 28, 2),
(4613, 64, 29, 2),
(4614, 64, 30, 2),
(4615, 64, 31, 1),
(4616, 64, 32, 1),
(4617, 64, 33, 1),
(4618, 64, 0, 1),
(4619, 64, 0, 2),
(4620, 64, 0, 2),
(4621, 81, 1, 1),
(4622, 81, 2, 1),
(4623, 81, 3, 2),
(4624, 81, 4, 1),
(4625, 81, 5, 1),
(4626, 81, 6, 1),
(4627, 81, 7, 2),
(4628, 81, 8, 1),
(4629, 81, 9, 1),
(4630, 81, 10, 1),
(4631, 81, 11, 1),
(4632, 81, 12, 2),
(4633, 81, 13, 1),
(4634, 81, 14, 1),
(4635, 81, 15, 1),
(4636, 81, 16, 2),
(4637, 81, 17, 1),
(4638, 81, 18, 2),
(4639, 81, 19, 1),
(4640, 81, 20, 2),
(4641, 81, 21, 2),
(4642, 81, 22, 1),
(4643, 81, 23, 1),
(4644, 81, 24, 2),
(4645, 81, 25, 1),
(4646, 81, 26, 2),
(4647, 81, 27, 2),
(4648, 81, 28, 1),
(4649, 81, 29, 2),
(4650, 81, 30, 2),
(4651, 81, 31, 1),
(4652, 81, 32, 1),
(4653, 81, 33, 1),
(4654, 81, 0, 1),
(4655, 81, 0, 1),
(4656, 81, 0, 1),
(4657, 81, 0, 1),
(4658, 81, 0, 1),
(4659, 81, 0, 2),
(4660, 81, 0, 2),
(4661, 81, 0, 2),
(4662, 81, 0, 1),
(4663, 81, 0, 1),
(4664, 81, 0, 1),
(4665, 81, 0, 2),
(4666, 81, 0, 1),
(4667, 81, 0, 1),
(4668, 81, 0, 1),
(4669, 81, 0, 1),
(4670, 81, 0, 1),
(4671, 81, 0, 2),
(4672, 81, 0, 1),
(4673, 81, 0, 2),
(4674, 81, 0, 1),
(4675, 81, 0, 1),
(4676, 81, 0, 1),
(4677, 81, 0, 2),
(4678, 81, 0, 1),
(4679, 81, 0, 1),
(4680, 81, 0, 2),
(4681, 81, 0, 2),
(4682, 81, 0, 2),
(4683, 81, 0, 2),
(4684, 81, 0, 1),
(4685, 81, 0, 1),
(4686, 81, 0, 1),
(4687, 81, 0, 1),
(4688, 81, 0, 2),
(4689, 81, 0, 2),
(5018, 92, 1, 1),
(5019, 92, 2, 1),
(5020, 92, 3, 1),
(5021, 92, 4, 1),
(5022, 92, 5, 1),
(5023, 92, 6, 1),
(5024, 92, 8, 1),
(5025, 92, 9, 1),
(5026, 92, 10, 2),
(5027, 92, 11, 2),
(5028, 92, 12, 1),
(5029, 92, 13, 1),
(5030, 92, 14, 2),
(5031, 92, 15, 1),
(5032, 92, 16, 2),
(5033, 92, 17, 1),
(5034, 92, 18, 2),
(5035, 92, 19, 1),
(5036, 92, 20, 2),
(5037, 92, 21, 1),
(5038, 92, 22, 1),
(5039, 92, 24, 2),
(5040, 92, 25, 2),
(5041, 92, 26, 2),
(5042, 92, 27, 2),
(5043, 92, 28, 1),
(5044, 92, 29, 2),
(5045, 92, 30, 2),
(5046, 92, 31, 1),
(5047, 92, 32, 1),
(5048, 92, 33, 1),
(5151, 93, 1, 1),
(5152, 93, 2, 1),
(5153, 93, 3, 1),
(5154, 93, 4, 1),
(5155, 93, 5, 1),
(5156, 93, 6, 1),
(5157, 93, 7, 2),
(5158, 93, 8, 1),
(5159, 93, 9, 1),
(5160, 93, 10, 2),
(5161, 93, 11, 2),
(5162, 93, 12, 1),
(5163, 93, 13, 1),
(5164, 93, 14, 2),
(5165, 93, 15, 1),
(5166, 93, 16, 2),
(5167, 93, 17, 1),
(5168, 93, 18, 2),
(5169, 93, 19, 1),
(5170, 93, 20, 2),
(5171, 93, 21, 1),
(5172, 93, 22, 1),
(5173, 93, 23, 2),
(5174, 93, 24, 2),
(5175, 93, 26, 2),
(5176, 93, 27, 2),
(5177, 93, 28, 1),
(5178, 93, 29, 2),
(5179, 93, 30, 2),
(5180, 93, 31, 1),
(5181, 93, 32, 1),
(5182, 93, 33, 1),
(5183, 93, 0, 1),
(5184, 93, 0, 2),
(5185, 93, 0, 2),
(5254, 95, 1, 1),
(5255, 95, 2, 1),
(5256, 95, 3, 1),
(5257, 95, 5, 1),
(5258, 95, 6, 1),
(5259, 95, 7, 2),
(5260, 95, 8, 1),
(5261, 95, 9, 1),
(5262, 95, 10, 2),
(5263, 95, 11, 2),
(5264, 95, 12, 1),
(5265, 95, 13, 1),
(5266, 95, 14, 2),
(5267, 95, 15, 1),
(5268, 95, 16, 2),
(5269, 95, 17, 1),
(5270, 95, 18, 2),
(5271, 95, 19, 1),
(5272, 95, 21, 1),
(5273, 95, 22, 1),
(5274, 95, 24, 2),
(5275, 95, 25, 2),
(5276, 95, 26, 2),
(5277, 95, 27, 2),
(5278, 95, 28, 1),
(5279, 95, 29, 2),
(5280, 95, 30, 2),
(5281, 95, 31, 1),
(5282, 95, 32, 1),
(5283, 95, 33, 1),
(5491, 53, 1, 1),
(5492, 53, 2, 1),
(5493, 53, 3, 1),
(5494, 53, 4, 1),
(5495, 53, 5, 1),
(5496, 53, 6, 1),
(5497, 53, 7, 1),
(5498, 53, 8, 1),
(5499, 53, 9, 1),
(5500, 53, 10, 2),
(5501, 53, 11, 2),
(5502, 53, 12, 1),
(5503, 53, 13, 1),
(5504, 53, 14, 2),
(5505, 53, 15, 1),
(5506, 53, 16, 2),
(5507, 53, 17, 1),
(5508, 53, 18, 2),
(5509, 53, 19, 1),
(5510, 53, 20, 2),
(5511, 53, 21, 1),
(5512, 53, 22, 1),
(5513, 53, 23, 2),
(5514, 53, 24, 2),
(5515, 53, 25, 2),
(5516, 53, 26, 2),
(5517, 53, 27, 2),
(5518, 53, 28, 1),
(5519, 53, 29, 2),
(5520, 53, 30, 2),
(5521, 53, 31, 1),
(5522, 53, 32, 1),
(5523, 53, 33, 1),
(5524, 53, 0, 1),
(5525, 53, 0, 2),
(5526, 53, 0, 2),
(5563, 52, 1, 1),
(5564, 52, 2, 1),
(5565, 52, 3, 1),
(5566, 52, 4, 1),
(5567, 52, 5, 1),
(5568, 52, 6, 1),
(5569, 52, 7, 1),
(5570, 52, 8, 1),
(5571, 52, 9, 1),
(5572, 52, 10, 2),
(5573, 52, 11, 2),
(5574, 52, 12, 1),
(5575, 52, 13, 1),
(5576, 52, 14, 2),
(5577, 52, 15, 1),
(5578, 52, 16, 2),
(5579, 52, 17, 1),
(5580, 52, 18, 2),
(5581, 52, 19, 1),
(5582, 52, 20, 2),
(5583, 52, 21, 1),
(5584, 52, 22, 1),
(5585, 52, 23, 2),
(5586, 52, 24, 2),
(5587, 52, 25, 2),
(5588, 52, 26, 2),
(5589, 52, 27, 2),
(5590, 52, 28, 1),
(5591, 52, 29, 2),
(5592, 52, 30, 2),
(5593, 52, 31, 1),
(5594, 52, 32, 1),
(5595, 52, 33, 1),
(5596, 52, 0, 1),
(5597, 52, 0, 2),
(5598, 52, 0, 2),
(5671, 48, 1, 1),
(5672, 48, 2, 1),
(5673, 48, 3, 1),
(5674, 48, 4, 1),
(5675, 48, 5, 1),
(5676, 48, 6, 1),
(5677, 48, 7, 1),
(5678, 48, 8, 1),
(5679, 48, 9, 1),
(5680, 48, 10, 2),
(5681, 48, 11, 2),
(5682, 48, 12, 1),
(5683, 48, 13, 1),
(5684, 48, 14, 2),
(5685, 48, 15, 1),
(5686, 48, 16, 2),
(5687, 48, 17, 1),
(5688, 48, 18, 2),
(5689, 48, 19, 1),
(5690, 48, 20, 2),
(5691, 48, 21, 1),
(5692, 48, 22, 1),
(5693, 48, 23, 2),
(5694, 48, 24, 2),
(5695, 48, 25, 2),
(5696, 48, 26, 2),
(5697, 48, 27, 2),
(5698, 48, 28, 1),
(5699, 48, 29, 2),
(5700, 48, 30, 2),
(5701, 48, 31, 1),
(5702, 48, 32, 1),
(5703, 48, 33, 1),
(5704, 48, 0, 1),
(5705, 48, 0, 2),
(5706, 48, 0, 2),
(5743, 56, 1, 1),
(5744, 56, 2, 1),
(5745, 56, 3, 1),
(5746, 56, 4, 1),
(5747, 56, 5, 1),
(5748, 56, 6, 1),
(5749, 56, 7, 1),
(5750, 56, 8, 1),
(5751, 56, 9, 1),
(5752, 56, 10, 2),
(5753, 56, 11, 2),
(5754, 56, 12, 1),
(5755, 56, 13, 1),
(5756, 56, 14, 2),
(5757, 56, 15, 1),
(5758, 56, 16, 2),
(5759, 56, 17, 1),
(5760, 56, 18, 2),
(5761, 56, 19, 1),
(5762, 56, 20, 2),
(5763, 56, 21, 1),
(5764, 56, 22, 1),
(5765, 56, 23, 2),
(5766, 56, 24, 2),
(5767, 56, 25, 2),
(5768, 56, 26, 2),
(5769, 56, 27, 2),
(5770, 56, 28, 1),
(5771, 56, 29, 2),
(5772, 56, 30, 2),
(5773, 56, 31, 1),
(5774, 56, 32, 1),
(5775, 56, 33, 1),
(5776, 56, 0, 1),
(5777, 56, 0, 2),
(5778, 56, 0, 2),
(5923, 47, 1, 1),
(5924, 47, 2, 1),
(5925, 47, 3, 1),
(5926, 47, 4, 1),
(5927, 47, 5, 1),
(5928, 47, 6, 1),
(5929, 47, 7, 1),
(5930, 47, 8, 1),
(5931, 47, 9, 1),
(5932, 47, 10, 2),
(5933, 47, 11, 2),
(5934, 47, 12, 1),
(5935, 47, 13, 1),
(5936, 47, 14, 2),
(5937, 47, 15, 1),
(5938, 47, 16, 2),
(5939, 47, 17, 1),
(5940, 47, 18, 2),
(5941, 47, 19, 1),
(5942, 47, 20, 2),
(5943, 47, 21, 1),
(5944, 47, 22, 1),
(5945, 47, 23, 2),
(5946, 47, 24, 2),
(5947, 47, 25, 2),
(5948, 47, 26, 2),
(5949, 47, 27, 2),
(5950, 47, 28, 1),
(5951, 47, 29, 2),
(5952, 47, 30, 2),
(5953, 47, 31, 1),
(5954, 47, 32, 1),
(5955, 47, 33, 1),
(5956, 47, 0, 1),
(5957, 47, 0, 2),
(5958, 47, 0, 2),
(5995, 4, 1, 2),
(5996, 4, 2, 2),
(5997, 4, 3, 2),
(5998, 4, 4, 1),
(5999, 4, 5, 1),
(6000, 4, 6, 1),
(6001, 4, 7, 2),
(6002, 4, 8, 1),
(6003, 4, 9, 1),
(6004, 4, 10, 1),
(6005, 4, 11, 1),
(6006, 4, 12, 1),
(6007, 4, 13, 2),
(6008, 4, 14, 2),
(6009, 4, 15, 1),
(6010, 4, 16, 1),
(6011, 4, 17, 2),
(6012, 4, 18, 2),
(6013, 4, 19, 1),
(6014, 4, 20, 2),
(6015, 4, 21, 1),
(6016, 4, 22, 1),
(6017, 4, 23, 1),
(6018, 4, 24, 2),
(6019, 4, 25, 2),
(6020, 4, 26, 2),
(6021, 4, 27, 2),
(6022, 4, 28, 2),
(6023, 4, 29, 2),
(6024, 4, 30, 2),
(6025, 4, 31, 1),
(6026, 4, 32, 1),
(6027, 4, 33, 1),
(6028, 4, 0, 1),
(6029, 4, 0, 2),
(6030, 4, 0, 2),
(6319, 19, 1, 1),
(6320, 19, 2, 1),
(6321, 19, 3, 1),
(6322, 19, 4, 1),
(6323, 19, 5, 2),
(6324, 19, 6, 1),
(6325, 19, 7, 2),
(6326, 19, 8, 1),
(6327, 19, 9, 1),
(6328, 19, 10, 2),
(6329, 19, 11, 2),
(6330, 19, 12, 2),
(6331, 19, 13, 2),
(6332, 19, 14, 1),
(6333, 19, 15, 1),
(6334, 19, 16, 2),
(6335, 19, 17, 2),
(6336, 19, 18, 2),
(6337, 19, 19, 1),
(6338, 19, 20, 2),
(6339, 19, 21, 2),
(6340, 19, 22, 1),
(6341, 19, 23, 2),
(6342, 19, 24, 2),
(6343, 19, 25, 2),
(6344, 19, 26, 2),
(6345, 19, 27, 2),
(6346, 19, 28, 2),
(6347, 19, 29, 2),
(6348, 19, 30, 2),
(6349, 19, 31, 1),
(6350, 19, 32, 1),
(6351, 19, 33, 2),
(6352, 19, 0, 1),
(6353, 19, 0, 2),
(6354, 19, 0, 2),
(6390, 60, 1, 2),
(6391, 60, 2, 2),
(6392, 60, 3, 2),
(6393, 60, 4, 1),
(6394, 60, 5, 1),
(6395, 60, 6, 1),
(6396, 60, 7, 2),
(6397, 60, 8, 1),
(6398, 60, 9, 1),
(6399, 60, 10, 1),
(6400, 60, 11, 1),
(6401, 60, 12, 1),
(6402, 60, 13, 2),
(6403, 60, 14, 2),
(6404, 60, 15, 1),
(6405, 60, 16, 2),
(6406, 60, 17, 2),
(6407, 60, 18, 2),
(6408, 60, 19, 1),
(6409, 60, 20, 2),
(6410, 60, 21, 1),
(6411, 60, 22, 1),
(6412, 60, 23, 1),
(6413, 60, 24, 2),
(6414, 60, 25, 2),
(6415, 60, 26, 2),
(6416, 60, 27, 2),
(6417, 60, 29, 1),
(6418, 60, 30, 2),
(6419, 60, 31, 1),
(6420, 60, 32, 1),
(6421, 60, 33, 1),
(6422, 60, 0, 1),
(6423, 60, 0, 2),
(6424, 60, 0, 2),
(6602, 98, 1, 1),
(6603, 98, 2, 1),
(6604, 98, 3, 1),
(6605, 98, 4, 1),
(6606, 98, 5, 1),
(6607, 98, 6, 1),
(6608, 98, 7, 1),
(6609, 98, 8, 1),
(6610, 98, 9, 1),
(6611, 98, 10, 1),
(6612, 98, 11, 1),
(6613, 98, 12, 2),
(6614, 98, 13, 2),
(6615, 98, 14, 2),
(6616, 98, 15, 1),
(6617, 98, 16, 2),
(6618, 98, 17, 2),
(6619, 98, 18, 2),
(6620, 98, 19, 1),
(6621, 98, 20, 2),
(6622, 98, 21, 1),
(6623, 98, 22, 1),
(6624, 98, 23, 1),
(6625, 98, 24, 1),
(6626, 98, 25, 1),
(6627, 98, 26, 1),
(6628, 98, 27, 2),
(6629, 98, 28, 1),
(6630, 98, 29, 1),
(6631, 98, 30, 2),
(6632, 98, 31, 1),
(6633, 98, 32, 1),
(6634, 98, 33, 1),
(6635, 98, 0, 1),
(6636, 98, 0, 2),
(6637, 98, 0, 2),
(6638, 44, 1, 2),
(6639, 44, 2, 2),
(6640, 44, 3, 2),
(6641, 44, 4, 2),
(6642, 44, 5, 2),
(6643, 44, 6, 2),
(6644, 44, 7, 2),
(6645, 44, 8, 2),
(6646, 44, 9, 1),
(6647, 44, 10, 1),
(6648, 44, 11, 1),
(6649, 44, 12, 2),
(6650, 44, 13, 1),
(6651, 44, 14, 2),
(6652, 44, 15, 1),
(6653, 44, 16, 2),
(6654, 44, 17, 2),
(6655, 44, 18, 2),
(6656, 44, 19, 1),
(6657, 44, 20, 2),
(6658, 44, 21, 2),
(6659, 44, 22, 1),
(6660, 44, 23, 1),
(6661, 44, 24, 2),
(6662, 44, 25, 2),
(6663, 44, 26, 1),
(6664, 44, 27, 2),
(6665, 44, 28, 2),
(6666, 44, 29, 2),
(6667, 44, 30, 2),
(6668, 44, 31, 1),
(6669, 44, 32, 1),
(6670, 44, 33, 1),
(6671, 44, 0, 1),
(6672, 44, 0, 2),
(6673, 44, 0, 2),
(6710, 63, 1, 1),
(6711, 63, 2, 1),
(6712, 63, 3, 1),
(6713, 63, 4, 1),
(6714, 63, 5, 1),
(6715, 63, 6, 1),
(6716, 63, 7, 2),
(6717, 63, 8, 1),
(6718, 63, 9, 1),
(6719, 63, 10, 2),
(6720, 63, 11, 2),
(6721, 63, 12, 1),
(6722, 63, 13, 1),
(6723, 63, 14, 2),
(6724, 63, 15, 1),
(6725, 63, 16, 2),
(6726, 63, 17, 1),
(6727, 63, 18, 2),
(6728, 63, 19, 1),
(6729, 63, 20, 2),
(6730, 63, 21, 2),
(6731, 63, 22, 1),
(6732, 63, 23, 2),
(6733, 63, 24, 2),
(6734, 63, 25, 2),
(6735, 63, 26, 2),
(6736, 63, 27, 2),
(6737, 63, 28, 1),
(6738, 63, 29, 1),
(6739, 63, 30, 2),
(6740, 63, 31, 1),
(6741, 63, 32, 1),
(6742, 63, 33, 1),
(6743, 63, 0, 1),
(6744, 63, 0, 1),
(6745, 63, 0, 1),
(6815, 97, 0, 2),
(6816, 97, 0, 2),
(6817, 97, 0, 2),
(6854, 82, 1, 1),
(6855, 82, 2, 1),
(6856, 82, 3, 1),
(6857, 82, 4, 1),
(6858, 82, 5, 2),
(6859, 82, 6, 2),
(6860, 82, 7, 2),
(6861, 82, 8, 2),
(6862, 82, 9, 2),
(6863, 82, 10, 2),
(6864, 82, 11, 2),
(6865, 82, 12, 2),
(6866, 82, 13, 2),
(6867, 82, 14, 2),
(6868, 82, 15, 1),
(6869, 82, 16, 2),
(6870, 82, 17, 1),
(6871, 82, 18, 2),
(6872, 82, 19, 1),
(6873, 82, 20, 2),
(6874, 82, 21, 2),
(6875, 82, 22, 1),
(6876, 82, 23, 2),
(6877, 82, 24, 2),
(6878, 82, 25, 2),
(6879, 82, 26, 2),
(6880, 82, 27, 2),
(6881, 82, 28, 2),
(6882, 82, 29, 2),
(6883, 82, 30, 2),
(6884, 82, 31, 1),
(6885, 82, 32, 1),
(6886, 82, 33, 2),
(6887, 82, 0, 1),
(6888, 82, 0, 2),
(6889, 82, 0, 2),
(6926, 78, 1, 1),
(6927, 78, 2, 1),
(6928, 78, 3, 1),
(6929, 78, 4, 1),
(6930, 78, 5, 2),
(6931, 78, 6, 1),
(6932, 78, 7, 2),
(6933, 78, 8, 2),
(6934, 78, 9, 2),
(6935, 78, 10, 1),
(6936, 78, 11, 1),
(6937, 78, 12, 2),
(6938, 78, 13, 2),
(6939, 78, 14, 2),
(6940, 78, 15, 1),
(6941, 78, 16, 2),
(6942, 78, 17, 2),
(6943, 78, 18, 2),
(6944, 78, 19, 1),
(6945, 78, 20, 2),
(6946, 78, 21, 2),
(6947, 78, 22, 1),
(6948, 78, 23, 2),
(6949, 78, 24, 2),
(6950, 78, 25, 2),
(6951, 78, 26, 2),
(6952, 78, 27, 2),
(6953, 78, 28, 2),
(6954, 78, 29, 2),
(6955, 78, 30, 2),
(6956, 78, 31, 1),
(6957, 78, 32, 1),
(6958, 78, 33, 2),
(6959, 78, 0, 1),
(6960, 78, 0, 2),
(6961, 78, 0, 2),
(6962, 54, 1, 1),
(6963, 54, 2, 1),
(6964, 54, 3, 1),
(6965, 54, 4, 1),
(6966, 54, 5, 1),
(6967, 54, 6, 1),
(6968, 54, 7, 1),
(6969, 54, 8, 1),
(6970, 54, 9, 1),
(6971, 54, 10, 2),
(6972, 54, 11, 2),
(6973, 54, 12, 1),
(6974, 54, 13, 1),
(6975, 54, 14, 2),
(6976, 54, 15, 1),
(6977, 54, 16, 2),
(6978, 54, 17, 1),
(6979, 54, 18, 2),
(6980, 54, 19, 1),
(6981, 54, 20, 2),
(6982, 54, 21, 1),
(6983, 54, 22, 1),
(6984, 54, 23, 2),
(6985, 54, 24, 2),
(6986, 54, 25, 2),
(6987, 54, 26, 2),
(6988, 54, 28, 1),
(6989, 54, 29, 2),
(6990, 54, 30, 2),
(6991, 54, 31, 1),
(6992, 54, 32, 1),
(6993, 54, 33, 1),
(6994, 54, 0, 1),
(6995, 54, 0, 2),
(6996, 54, 0, 2),
(7033, 57, 1, 1),
(7034, 57, 2, 1),
(7035, 57, 3, 1),
(7036, 57, 4, 1),
(7037, 57, 5, 1),
(7038, 57, 6, 1),
(7039, 57, 7, 1),
(7040, 57, 8, 1),
(7041, 57, 9, 1),
(7042, 57, 10, 2),
(7043, 57, 11, 2),
(7044, 57, 12, 1),
(7045, 57, 13, 1),
(7046, 57, 14, 2),
(7047, 57, 15, 1),
(7048, 57, 16, 2),
(7049, 57, 17, 1),
(7050, 57, 18, 2),
(7051, 57, 19, 1),
(7052, 57, 20, 2),
(7053, 57, 21, 1),
(7054, 57, 22, 1),
(7055, 57, 23, 2),
(7056, 57, 24, 2),
(7057, 57, 25, 2),
(7058, 57, 26, 2),
(7059, 57, 27, 2),
(7060, 57, 28, 1),
(7061, 57, 29, 2),
(7062, 57, 30, 2),
(7063, 57, 31, 1),
(7064, 57, 32, 1),
(7065, 57, 33, 1),
(7066, 57, 0, 1),
(7067, 57, 0, 2),
(7068, 57, 0, 2),
(7069, 50, 1, 1),
(7070, 50, 2, 1),
(7071, 50, 3, 1),
(7072, 50, 4, 1),
(7073, 50, 5, 1),
(7074, 50, 6, 1),
(7075, 50, 7, 1),
(7076, 50, 8, 1),
(7077, 50, 9, 1),
(7078, 50, 10, 2),
(7079, 50, 11, 2),
(7080, 50, 12, 1),
(7081, 50, 13, 1),
(7082, 50, 14, 2),
(7083, 50, 15, 1),
(7084, 50, 16, 2),
(7085, 50, 17, 1),
(7086, 50, 18, 2),
(7087, 50, 19, 1),
(7088, 50, 20, 2),
(7089, 50, 21, 1),
(7090, 50, 22, 1),
(7091, 50, 23, 2),
(7092, 50, 24, 2),
(7093, 50, 25, 2),
(7094, 50, 26, 2),
(7095, 50, 27, 2),
(7096, 50, 28, 1),
(7097, 50, 29, 2),
(7098, 50, 30, 2),
(7099, 50, 31, 1),
(7100, 50, 32, 1),
(7101, 50, 33, 1),
(7102, 50, 0, 1),
(7103, 50, 0, 2),
(7104, 50, 0, 2),
(7177, 68, 1, 1),
(7178, 68, 2, 1),
(7179, 68, 3, 1),
(7180, 68, 4, 1),
(7181, 68, 5, 1),
(7182, 68, 6, 1),
(7183, 68, 7, 2),
(7184, 68, 8, 1),
(7185, 68, 9, 1),
(7186, 68, 10, 2),
(7187, 68, 11, 2),
(7188, 68, 12, 1),
(7189, 68, 13, 1),
(7190, 68, 14, 2),
(7191, 68, 15, 1),
(7192, 68, 16, 2),
(7193, 68, 17, 1),
(7194, 68, 18, 2),
(7195, 68, 19, 1),
(7196, 68, 20, 2),
(7197, 68, 21, 2),
(7198, 68, 22, 1),
(7199, 68, 23, 2),
(7200, 68, 24, 2),
(7201, 68, 25, 2),
(7202, 68, 26, 2),
(7203, 68, 27, 2),
(7204, 68, 28, 1),
(7205, 68, 29, 2),
(7206, 68, 30, 2),
(7207, 68, 31, 1),
(7208, 68, 32, 1),
(7209, 68, 33, 1),
(7210, 68, 0, 1),
(7211, 68, 0, 1),
(7212, 68, 0, 1),
(7213, 83, 1, 1),
(7214, 83, 2, 1),
(7215, 83, 3, 1),
(7216, 83, 4, 1),
(7217, 83, 5, 2),
(7218, 83, 6, 1),
(7219, 83, 7, 2),
(7220, 83, 8, 1),
(7221, 83, 9, 1),
(7222, 83, 10, 1),
(7223, 83, 11, 1),
(7224, 83, 12, 2),
(7225, 83, 13, 2),
(7226, 83, 14, 1),
(7227, 83, 15, 1),
(7228, 83, 16, 2),
(7229, 83, 17, 2),
(7230, 83, 18, 2),
(7231, 83, 19, 1),
(7232, 83, 20, 2),
(7233, 83, 21, 2),
(7234, 83, 22, 1),
(7235, 83, 23, 2),
(7236, 83, 24, 2),
(7237, 83, 25, 2),
(7238, 83, 26, 2),
(7239, 83, 27, 2),
(7240, 83, 28, 2),
(7241, 83, 29, 2),
(7242, 83, 30, 2),
(7243, 83, 31, 1),
(7244, 83, 32, 1),
(7245, 83, 33, 2),
(7246, 83, 0, 1),
(7247, 83, 0, 2),
(7248, 83, 0, 2),
(7285, 49, 1, 1),
(7286, 49, 2, 1),
(7287, 49, 3, 1),
(7288, 49, 4, 1),
(7289, 49, 5, 1),
(7290, 49, 6, 1),
(7291, 49, 7, 1),
(7292, 49, 8, 1),
(7293, 49, 9, 1),
(7294, 49, 10, 2),
(7295, 49, 11, 2),
(7296, 49, 12, 1),
(7297, 49, 13, 1),
(7298, 49, 14, 2),
(7299, 49, 15, 1),
(7300, 49, 16, 2),
(7301, 49, 17, 1),
(7302, 49, 18, 2),
(7303, 49, 19, 1),
(7304, 49, 20, 2),
(7305, 49, 21, 1),
(7306, 49, 22, 1),
(7307, 49, 23, 2),
(7308, 49, 24, 2),
(7309, 49, 25, 2),
(7310, 49, 26, 2),
(7311, 49, 27, 2),
(7312, 49, 28, 1),
(7313, 49, 29, 2),
(7314, 49, 30, 2),
(7315, 49, 31, 1),
(7316, 49, 32, 1),
(7317, 49, 33, 1),
(7318, 49, 0, 1),
(7319, 49, 0, 2),
(7320, 49, 0, 2),
(7321, 100, 1, 1),
(7322, 100, 2, 1),
(7323, 100, 3, 1),
(7324, 100, 4, 1),
(7325, 100, 5, 1),
(7326, 100, 6, 1),
(7327, 100, 7, 2),
(7328, 100, 8, 1),
(7329, 100, 9, 1),
(7330, 100, 10, 2),
(7331, 100, 11, 2),
(7332, 100, 12, 1),
(7333, 100, 13, 1),
(7334, 100, 14, 2),
(7335, 100, 15, 1),
(7336, 100, 16, 2),
(7337, 100, 17, 1),
(7338, 100, 18, 2),
(7339, 100, 19, 1),
(7340, 100, 20, 2),
(7341, 100, 21, 1),
(7342, 100, 22, 1),
(7343, 100, 23, 2),
(7344, 100, 24, 2),
(7345, 100, 25, 2),
(7346, 100, 26, 2),
(7347, 100, 27, 2),
(7348, 100, 28, 1),
(7349, 100, 29, 2),
(7350, 100, 30, 2),
(7351, 100, 31, 1),
(7352, 100, 32, 1),
(7353, 100, 33, 1),
(7354, 100, 0, 1),
(7355, 100, 0, 1),
(7356, 100, 0, 1),
(7357, 100, 0, 1),
(7358, 100, 0, 1),
(7359, 100, 0, 1),
(7360, 100, 0, 1),
(7361, 100, 0, 1),
(7362, 100, 0, 1),
(7363, 100, 0, 2),
(7364, 100, 0, 2),
(7365, 100, 0, 1),
(7366, 100, 0, 1),
(7367, 100, 0, 2),
(7368, 100, 0, 1),
(7369, 100, 0, 2),
(7370, 100, 0, 1),
(7371, 100, 0, 2),
(7372, 100, 0, 1),
(7373, 100, 0, 2),
(7374, 100, 0, 1),
(7375, 100, 0, 1),
(7376, 100, 0, 2),
(7377, 100, 0, 2),
(7378, 100, 0, 2),
(7379, 100, 0, 2),
(7380, 100, 0, 2),
(7381, 100, 0, 1),
(7382, 100, 0, 2),
(7383, 100, 0, 2),
(7384, 100, 0, 1),
(7385, 100, 0, 1),
(7386, 100, 0, 1),
(7387, 100, 0, 1),
(7388, 100, 0, 2),
(7389, 100, 0, 2),
(7390, 101, 1, 1),
(7391, 101, 2, 1),
(7392, 101, 3, 1),
(7393, 101, 4, 1),
(7394, 101, 5, 1),
(7395, 101, 6, 1),
(7396, 101, 7, 2),
(7397, 101, 8, 1),
(7398, 101, 9, 1),
(7399, 101, 10, 2),
(7400, 101, 11, 2),
(7401, 101, 12, 1),
(7402, 101, 13, 1),
(7403, 101, 14, 2),
(7404, 101, 15, 1),
(7405, 101, 16, 2),
(7406, 101, 17, 1),
(7407, 101, 18, 2),
(7408, 101, 19, 1),
(7409, 101, 20, 2),
(7410, 101, 21, 1),
(7411, 101, 22, 1),
(7412, 101, 23, 2),
(7413, 101, 24, 2),
(7414, 101, 25, 2),
(7415, 101, 26, 2),
(7416, 101, 27, 2),
(7417, 101, 28, 1),
(7418, 101, 29, 2),
(7419, 101, 30, 2),
(7420, 101, 31, 1),
(7421, 101, 32, 1),
(7422, 101, 33, 1),
(7423, 102, 1, 1),
(7424, 102, 2, 1),
(7425, 102, 3, 1),
(7426, 102, 4, 1),
(7427, 102, 5, 1),
(7428, 102, 6, 1),
(7429, 102, 7, 2),
(7430, 102, 8, 1),
(7431, 102, 9, 1),
(7432, 102, 10, 2),
(7433, 102, 11, 2),
(7434, 102, 12, 1),
(7435, 102, 13, 1),
(7436, 102, 14, 2),
(7437, 102, 15, 1),
(7438, 102, 16, 2),
(7439, 102, 17, 1),
(7440, 102, 18, 2),
(7441, 102, 19, 1),
(7442, 102, 20, 2),
(7443, 102, 21, 1),
(7444, 102, 22, 1),
(7445, 102, 23, 2),
(7446, 102, 24, 2),
(7447, 102, 25, 2),
(7448, 102, 26, 2),
(7449, 102, 27, 2),
(7450, 102, 28, 1),
(7451, 102, 29, 2),
(7452, 102, 30, 2),
(7453, 102, 31, 1),
(7454, 102, 32, 1),
(7455, 102, 33, 1),
(7456, 42, 1, 1),
(7457, 42, 2, 1),
(7458, 42, 3, 1),
(7459, 42, 4, 1),
(7460, 42, 5, 2),
(7461, 42, 6, 1),
(7462, 42, 7, 2),
(7463, 42, 8, 1),
(7464, 42, 9, 1),
(7465, 42, 10, 1),
(7466, 42, 11, 1),
(7467, 42, 12, 2),
(7468, 42, 13, 1),
(7469, 42, 14, 2),
(7470, 42, 15, 1),
(7471, 42, 16, 2),
(7472, 42, 17, 1),
(7473, 42, 18, 2),
(7474, 42, 19, 1),
(7475, 42, 20, 2),
(7476, 42, 21, 1),
(7477, 42, 22, 1),
(7478, 42, 23, 2),
(7479, 42, 24, 2),
(7480, 42, 25, 2),
(7481, 42, 26, 2),
(7482, 42, 27, 2),
(7483, 42, 28, 2),
(7484, 42, 29, 2),
(7485, 42, 30, 1),
(7486, 42, 31, 1),
(7487, 42, 32, 1),
(7488, 42, 33, 2),
(7489, 42, 0, 1),
(7490, 42, 0, 2),
(7491, 42, 0, 1),
(7528, 103, 1, 1),
(7529, 103, 2, 1),
(7530, 103, 3, 1),
(7531, 103, 4, 1),
(7532, 103, 5, 1),
(7533, 103, 6, 1),
(7534, 103, 7, 2),
(7535, 103, 8, 1),
(7536, 103, 9, 1),
(7537, 103, 10, 2),
(7538, 103, 11, 2),
(7539, 103, 12, 1),
(7540, 103, 13, 1),
(7541, 103, 14, 2),
(7542, 103, 15, 1),
(7543, 103, 16, 2),
(7544, 103, 17, 1),
(7545, 103, 18, 2),
(7546, 103, 19, 1),
(7547, 103, 20, 2),
(7548, 103, 21, 1),
(7549, 103, 22, 1),
(7550, 103, 23, 2),
(7551, 103, 24, 2),
(7552, 103, 25, 2),
(7553, 103, 26, 2),
(7554, 103, 27, 2),
(7555, 103, 28, 1),
(7556, 103, 29, 2),
(7557, 103, 30, 2),
(7558, 103, 31, 1),
(7559, 103, 32, 1),
(7560, 103, 33, 1),
(7561, 103, 0, 1),
(7562, 103, 0, 1),
(7563, 103, 0, 1),
(7564, 103, 0, 1),
(7565, 103, 0, 1),
(7566, 103, 0, 1),
(7567, 103, 0, 2),
(7568, 103, 0, 1),
(7569, 103, 0, 1),
(7570, 103, 0, 2),
(7571, 103, 0, 2),
(7572, 103, 0, 1),
(7573, 103, 0, 1),
(7574, 103, 0, 2),
(7575, 103, 0, 1),
(7576, 103, 0, 2),
(7577, 103, 0, 1),
(7578, 103, 0, 2),
(7579, 103, 0, 1),
(7580, 103, 0, 2),
(7581, 103, 0, 2),
(7582, 103, 0, 1),
(7583, 103, 0, 2),
(7584, 103, 0, 2),
(7585, 103, 0, 2),
(7586, 103, 0, 2),
(7587, 103, 0, 2),
(7588, 103, 0, 1),
(7589, 103, 0, 2),
(7590, 103, 0, 2),
(7591, 103, 0, 1),
(7592, 103, 0, 1),
(7593, 103, 0, 1),
(7594, 103, 0, 1),
(7595, 103, 0, 2),
(7596, 103, 0, 1),
(7597, 104, 1, 1),
(7598, 104, 2, 1),
(7599, 104, 3, 1),
(7600, 104, 4, 1),
(7601, 104, 5, 1),
(7602, 104, 6, 1),
(7603, 104, 7, 2),
(7604, 104, 8, 1),
(7605, 104, 9, 1),
(7606, 104, 10, 2),
(7607, 104, 11, 2),
(7608, 104, 12, 1),
(7609, 104, 13, 1),
(7610, 104, 14, 2),
(7611, 104, 15, 1),
(7612, 104, 16, 2),
(7613, 104, 17, 1),
(7614, 104, 18, 2),
(7615, 104, 19, 1),
(7616, 104, 20, 2),
(7617, 104, 21, 1),
(7618, 104, 22, 1),
(7619, 104, 23, 2),
(7620, 104, 24, 2),
(7621, 104, 25, 2),
(7622, 104, 26, 2),
(7623, 104, 27, 2),
(7624, 104, 28, 1),
(7625, 104, 29, 2),
(7626, 104, 30, 2),
(7627, 104, 31, 1),
(7628, 104, 32, 1),
(7629, 104, 33, 1),
(7630, 105, 1, 1),
(7631, 105, 2, 1),
(7632, 105, 3, 1),
(7633, 105, 4, 1),
(7634, 105, 5, 1),
(7635, 105, 6, 1),
(7636, 105, 7, 2),
(7637, 105, 8, 1),
(7638, 105, 9, 1),
(7639, 105, 10, 2),
(7640, 105, 11, 2),
(7641, 105, 12, 1),
(7642, 105, 13, 1),
(7643, 105, 14, 1),
(7644, 105, 15, 1),
(7645, 105, 16, 2),
(7646, 105, 17, 1),
(7647, 105, 18, 2),
(7648, 105, 19, 1),
(7649, 105, 20, 2),
(7650, 105, 21, 1),
(7651, 105, 22, 1),
(7652, 105, 23, 2),
(7653, 105, 24, 2),
(7654, 105, 25, 2),
(7655, 105, 26, 2),
(7656, 105, 27, 2),
(7657, 105, 28, 1),
(7658, 105, 29, 2),
(7659, 105, 30, 2),
(7660, 105, 31, 1),
(7661, 105, 32, 1),
(7662, 105, 33, 1),
(7663, 106, 1, 1),
(7664, 106, 2, 1),
(7665, 106, 3, 1),
(7666, 106, 4, 1),
(7667, 106, 5, 1),
(7668, 106, 6, 1),
(7669, 106, 7, 2),
(7670, 106, 8, 1),
(7671, 106, 9, 1),
(7672, 106, 10, 2),
(7673, 106, 11, 2),
(7674, 106, 12, 1),
(7675, 106, 13, 1),
(7676, 106, 14, 2),
(7677, 106, 15, 1),
(7678, 106, 16, 2),
(7679, 106, 17, 1),
(7680, 106, 18, 2),
(7681, 106, 19, 1),
(7682, 106, 20, 1),
(7683, 106, 21, 1),
(7684, 106, 22, 1),
(7685, 106, 23, 2),
(7686, 106, 24, 2),
(7687, 106, 25, 2),
(7688, 106, 26, 2),
(7689, 106, 27, 2),
(7690, 106, 28, 1),
(7691, 106, 30, 2),
(7692, 106, 31, 1),
(7693, 106, 32, 1),
(7694, 106, 33, 1),
(7695, 107, 1, 1),
(7696, 107, 2, 1),
(7697, 107, 3, 1),
(7698, 107, 4, 1),
(7699, 107, 5, 1),
(7700, 107, 6, 1),
(7701, 107, 7, 2),
(7702, 107, 8, 1),
(7703, 107, 9, 1),
(7704, 107, 10, 2),
(7705, 107, 11, 2),
(7706, 107, 12, 1),
(7707, 107, 13, 1),
(7708, 107, 14, 2),
(7709, 107, 15, 1),
(7710, 107, 16, 2),
(7711, 107, 17, 1),
(7712, 107, 18, 2),
(7713, 107, 19, 1),
(7714, 107, 20, 2),
(7715, 107, 21, 1),
(7716, 107, 22, 1),
(7717, 107, 23, 2),
(7718, 107, 24, 2),
(7719, 107, 25, 2),
(7720, 107, 26, 2),
(7721, 107, 27, 2),
(7722, 107, 28, 1),
(7723, 107, 29, 2),
(7724, 107, 30, 2),
(7725, 107, 31, 1),
(7726, 107, 32, 1),
(7727, 107, 33, 1),
(7728, 108, 1, 1),
(7729, 108, 2, 1),
(7730, 108, 3, 1),
(7731, 108, 4, 1),
(7732, 108, 5, 1),
(7733, 108, 6, 1),
(7734, 108, 7, 2),
(7735, 108, 8, 1),
(7736, 108, 9, 1),
(7737, 108, 10, 2),
(7738, 108, 11, 2),
(7739, 108, 12, 1),
(7740, 108, 13, 1),
(7741, 108, 14, 2),
(7742, 108, 15, 1),
(7743, 108, 16, 2),
(7744, 108, 17, 1),
(7745, 108, 18, 2),
(7746, 108, 19, 1),
(7747, 108, 21, 1),
(7748, 108, 22, 1),
(7749, 108, 24, 2),
(7750, 108, 25, 2),
(7751, 108, 26, 2),
(7752, 108, 27, 2),
(7753, 108, 28, 1),
(7754, 108, 29, 2),
(7755, 108, 30, 2),
(7756, 108, 31, 1),
(7757, 108, 32, 1),
(7758, 108, 33, 1),
(7759, 109, 1, 1),
(7760, 109, 2, 1),
(7761, 109, 3, 1),
(7762, 109, 4, 1),
(7763, 109, 5, 1),
(7764, 109, 6, 1),
(7765, 109, 7, 2),
(7766, 109, 8, 1),
(7767, 109, 9, 1),
(7768, 109, 10, 2),
(7769, 109, 11, 2),
(7770, 109, 12, 1),
(7771, 109, 13, 1),
(7772, 109, 14, 2),
(7773, 109, 15, 1),
(7774, 109, 16, 2),
(7775, 109, 17, 1),
(7776, 109, 18, 2),
(7777, 109, 19, 1),
(7778, 109, 20, 2),
(7779, 109, 21, 1),
(7780, 109, 22, 1),
(7781, 109, 23, 2),
(7782, 109, 24, 2),
(7783, 109, 25, 2),
(7784, 109, 26, 2),
(7785, 109, 27, 2),
(7786, 109, 28, 1),
(7787, 109, 29, 2),
(7788, 109, 30, 2),
(7789, 109, 31, 1),
(7790, 109, 32, 1),
(7791, 109, 33, 1),
(7792, 110, 1, 1),
(7793, 110, 2, 1),
(7794, 110, 3, 1),
(7795, 110, 4, 1),
(7796, 110, 5, 1),
(7797, 110, 6, 1),
(7798, 110, 7, 2),
(7799, 110, 8, 1),
(7800, 110, 9, 1),
(7801, 110, 10, 2),
(7802, 110, 11, 2),
(7803, 110, 12, 1),
(7804, 110, 13, 1),
(7805, 110, 14, 2),
(7806, 110, 15, 1),
(7807, 110, 16, 2),
(7808, 110, 17, 1),
(7809, 110, 18, 2),
(7810, 110, 19, 1),
(7811, 110, 20, 2),
(7812, 110, 21, 1),
(7813, 110, 22, 1),
(7814, 110, 23, 2),
(7815, 110, 24, 2),
(7816, 110, 25, 2),
(7817, 110, 26, 2),
(7818, 110, 27, 2),
(7819, 110, 28, 1),
(7820, 110, 29, 2),
(7821, 110, 30, 2),
(7822, 110, 31, 1),
(7823, 110, 32, 1),
(7824, 110, 33, 1),
(7825, 111, 1, 1),
(7826, 111, 2, 1),
(7827, 111, 3, 1),
(7828, 111, 4, 1),
(7829, 111, 5, 1),
(7830, 111, 6, 1),
(7831, 111, 7, 2),
(7832, 111, 8, 1),
(7833, 111, 9, 1),
(7834, 111, 10, 2),
(7835, 111, 11, 2),
(7836, 111, 12, 1),
(7837, 111, 13, 1),
(7838, 111, 14, 2),
(7839, 111, 15, 1),
(7840, 111, 16, 2),
(7841, 111, 17, 1),
(7842, 111, 18, 2),
(7843, 111, 19, 1),
(7844, 111, 20, 2),
(7845, 111, 21, 1),
(7846, 111, 22, 1),
(7847, 111, 23, 2),
(7848, 111, 24, 2),
(7849, 111, 25, 2),
(7850, 111, 26, 2),
(7851, 111, 27, 2),
(7852, 111, 28, 1),
(7853, 111, 29, 2),
(7854, 111, 30, 2),
(7855, 111, 31, 1),
(7856, 111, 32, 1),
(7857, 111, 33, 1),
(7858, 112, 1, 1),
(7859, 112, 2, 1),
(7860, 112, 3, 1),
(7861, 112, 4, 1),
(7862, 112, 5, 1),
(7863, 112, 6, 1),
(7864, 112, 7, 2),
(7865, 112, 8, 1),
(7866, 112, 9, 1),
(7867, 112, 10, 2),
(7868, 112, 11, 2),
(7869, 112, 12, 1),
(7870, 112, 13, 1),
(7871, 112, 14, 2),
(7872, 112, 15, 1),
(7873, 112, 16, 2),
(7874, 112, 17, 1),
(7875, 112, 18, 2),
(7876, 112, 19, 1),
(7877, 112, 20, 2),
(7878, 112, 21, 1),
(7879, 112, 22, 1),
(7880, 112, 23, 2),
(7881, 112, 24, 2),
(7882, 112, 25, 2),
(7883, 112, 26, 2),
(7884, 112, 27, 2),
(7885, 112, 28, 1),
(7886, 112, 29, 2),
(7887, 112, 30, 2),
(7888, 112, 31, 1),
(7889, 112, 32, 1),
(7890, 112, 33, 1),
(7891, 113, 1, 1),
(7892, 113, 2, 2),
(7893, 113, 3, 1),
(7894, 113, 4, 1),
(7895, 113, 5, 2),
(7896, 113, 6, 1),
(7897, 113, 7, 2),
(7898, 113, 8, 2),
(7899, 113, 9, 1),
(7900, 113, 10, 2),
(7901, 113, 11, 2),
(7902, 113, 12, 1),
(7903, 113, 13, 1),
(7904, 113, 14, 2),
(7905, 113, 15, 1),
(7906, 113, 16, 2),
(7907, 113, 17, 1),
(7908, 113, 18, 2),
(7909, 113, 19, 1),
(7910, 113, 20, 2),
(7911, 113, 21, 1),
(7912, 113, 22, 1),
(7913, 113, 23, 2),
(7914, 113, 24, 2),
(7915, 113, 25, 2),
(7916, 113, 26, 2),
(7917, 113, 27, 2),
(7918, 113, 28, 1),
(7919, 113, 29, 2),
(7920, 113, 30, 2),
(7921, 113, 31, 1),
(7922, 113, 32, 1),
(7923, 113, 33, 1),
(7924, 114, 1, 1),
(7925, 114, 2, 1),
(7926, 114, 3, 1),
(7927, 114, 4, 1),
(7928, 114, 5, 1),
(7929, 114, 6, 1),
(7930, 114, 7, 2),
(7931, 114, 8, 1),
(7932, 114, 9, 1),
(7933, 114, 10, 2),
(7934, 114, 11, 2),
(7935, 114, 12, 1),
(7936, 114, 13, 1),
(7937, 114, 14, 2),
(7938, 114, 15, 1),
(7939, 114, 16, 2),
(7940, 114, 17, 1),
(7941, 114, 18, 2),
(7942, 114, 19, 1),
(7943, 114, 20, 2),
(7944, 114, 21, 1),
(7945, 114, 22, 1),
(7946, 114, 23, 2),
(7947, 114, 24, 2),
(7948, 114, 25, 2),
(7949, 114, 26, 2),
(7950, 114, 27, 2),
(7951, 114, 28, 1),
(7952, 114, 29, 2),
(7953, 114, 30, 2),
(7954, 114, 31, 1),
(7955, 114, 32, 1),
(7956, 114, 33, 1),
(8059, 116, 1, 1),
(8060, 116, 2, 1),
(8061, 116, 3, 1),
(8062, 116, 4, 1),
(8063, 116, 5, 2),
(8064, 116, 6, 2),
(8065, 116, 7, 1),
(8066, 116, 8, 1),
(8067, 116, 9, 2),
(8068, 116, 10, 1),
(8069, 116, 11, 1),
(8070, 116, 12, 2),
(8071, 116, 13, 2),
(8072, 116, 14, 1),
(8073, 116, 15, 1),
(8074, 116, 16, 1),
(8075, 116, 17, 2),
(8076, 116, 18, 2),
(8077, 116, 19, 1),
(8078, 116, 20, 1),
(8079, 116, 21, 2),
(8080, 116, 22, 1),
(8081, 116, 23, 2),
(8082, 116, 24, 2),
(8083, 116, 25, 1),
(8084, 116, 26, 2),
(8085, 116, 27, 2),
(8086, 116, 28, 1),
(8087, 116, 29, 2),
(8088, 116, 30, 2),
(8089, 116, 31, 1),
(8090, 116, 32, 1),
(8091, 116, 33, 1),
(8092, 116, 0, 1),
(8093, 116, 0, 2),
(8094, 116, 0, 2),
(8330, 120, 1, 2),
(8331, 120, 2, 2),
(8332, 120, 3, 2),
(8333, 120, 4, 1),
(8334, 120, 5, 1),
(8335, 120, 6, 1),
(8336, 120, 7, 1),
(8337, 120, 8, 1),
(8338, 120, 9, 1),
(8339, 120, 10, 1),
(8340, 120, 11, 1),
(8341, 120, 12, 2),
(8342, 120, 13, 2),
(8343, 120, 14, 2),
(8344, 120, 15, 2),
(8345, 120, 16, 2),
(8346, 120, 17, 2),
(8347, 120, 18, 2),
(8348, 120, 19, 1),
(8349, 120, 20, 1),
(8350, 120, 21, 1),
(8351, 120, 22, 1),
(8352, 120, 23, 2),
(8353, 120, 24, 2),
(8354, 120, 25, 2),
(8355, 120, 26, 1),
(8356, 120, 27, 2),
(8357, 120, 28, 1),
(8358, 120, 29, 2),
(8359, 120, 30, 2),
(8360, 120, 31, 1),
(8361, 120, 32, 1),
(8362, 120, 33, 1),
(8363, 120, 0, 2),
(8364, 120, 0, 2),
(8365, 120, 0, 2),
(8366, 120, 0, 2),
(8367, 120, 0, 2),
(8368, 120, 0, 2),
(8369, 120, 0, 2),
(8370, 120, 0, 2),
(8371, 120, 0, 2),
(8372, 120, 0, 1),
(8373, 120, 0, 1),
(8374, 120, 0, 1),
(8375, 120, 0, 1),
(8376, 120, 0, 2),
(8377, 120, 0, 1),
(8378, 120, 0, 2),
(8379, 120, 0, 1),
(8380, 120, 0, 2),
(8381, 120, 0, 1),
(8382, 120, 0, 1),
(8383, 120, 0, 1),
(8384, 120, 0, 1),
(8385, 120, 0, 1),
(8386, 120, 0, 2),
(8387, 120, 0, 2),
(8388, 120, 0, 2),
(8389, 120, 0, 2),
(8390, 120, 0, 2),
(8391, 120, 0, 2),
(8392, 120, 0, 2),
(8393, 120, 0, 1),
(8394, 120, 0, 1),
(8395, 120, 0, 1),
(8396, 120, 0, 1),
(8397, 120, 0, 2),
(8398, 120, 0, 1),
(8432, 30, 1, 1),
(8433, 30, 2, 1),
(8434, 30, 3, 1),
(8435, 30, 4, 1),
(8436, 30, 5, 1),
(8437, 30, 6, 1),
(8438, 30, 7, 2),
(8439, 30, 8, 1),
(8440, 30, 9, 1),
(8441, 30, 10, 2),
(8442, 30, 11, 2),
(8443, 30, 12, 1),
(8444, 30, 13, 1),
(8445, 30, 14, 2),
(8446, 30, 15, 1),
(8447, 30, 16, 2),
(8448, 30, 17, 1),
(8449, 30, 18, 2),
(8450, 30, 19, 1),
(8451, 30, 20, 2),
(8452, 30, 21, 2),
(8453, 30, 22, 1),
(8454, 30, 23, 2),
(8455, 30, 24, 2),
(8456, 30, 25, 2),
(8457, 30, 26, 2),
(8458, 30, 27, 2),
(8459, 30, 28, 1),
(8460, 30, 29, 2),
(8461, 30, 30, 2),
(8462, 30, 31, 1),
(8463, 30, 32, 1),
(8464, 30, 33, 1),
(8465, 30, 0, 1),
(8466, 30, 0, 2),
(8467, 30, 0, 1),
(8468, 38, 1, 1),
(8469, 38, 2, 1),
(8470, 38, 3, 1),
(8471, 38, 4, 1),
(8472, 38, 5, 1),
(8473, 38, 6, 1),
(8474, 38, 7, 2),
(8475, 38, 8, 2),
(8476, 38, 9, 1),
(8477, 38, 10, 2),
(8478, 38, 11, 2),
(8479, 38, 12, 1),
(8480, 38, 13, 1),
(8481, 38, 14, 2),
(8482, 38, 15, 1),
(8483, 38, 16, 2),
(8484, 38, 17, 1),
(8485, 38, 18, 2),
(8486, 38, 19, 1),
(8487, 38, 20, 2),
(8488, 38, 21, 2),
(8489, 38, 22, 1),
(8490, 38, 23, 2),
(8491, 38, 24, 2),
(8492, 38, 25, 2),
(8493, 38, 26, 2),
(8494, 38, 27, 2),
(8495, 38, 28, 1),
(8496, 38, 29, 1),
(8497, 38, 30, 2),
(8498, 38, 31, 1),
(8499, 38, 32, 1),
(8500, 38, 33, 1),
(8501, 38, 0, 1),
(8502, 38, 0, 2),
(8503, 38, 0, 1),
(8504, 39, 1, 1),
(8505, 39, 2, 1),
(8506, 39, 3, 1),
(8507, 39, 4, 1),
(8508, 39, 5, 1),
(8509, 39, 6, 1),
(8510, 39, 7, 2),
(8511, 39, 8, 2),
(8512, 39, 9, 1),
(8513, 39, 10, 2),
(8514, 39, 11, 2),
(8515, 39, 12, 1),
(8516, 39, 13, 1),
(8517, 39, 14, 2),
(8518, 39, 15, 1),
(8519, 39, 16, 2),
(8520, 39, 17, 1),
(8521, 39, 18, 2),
(8522, 39, 19, 1),
(8523, 39, 20, 2),
(8524, 39, 21, 2),
(8525, 39, 22, 1),
(8526, 39, 23, 2),
(8527, 39, 24, 2),
(8528, 39, 25, 2),
(8529, 39, 26, 2),
(8530, 39, 27, 2),
(8531, 39, 28, 1),
(8532, 39, 29, 1),
(8533, 39, 30, 2),
(8534, 39, 31, 1),
(8535, 39, 32, 1),
(8536, 39, 33, 1),
(8537, 39, 0, 1),
(8538, 39, 0, 2),
(8539, 39, 0, 1),
(8540, 33, 1, 1),
(8541, 33, 2, 1),
(8542, 33, 3, 1),
(8543, 33, 4, 1),
(8544, 33, 5, 1),
(8545, 33, 6, 1),
(8546, 33, 7, 2),
(8547, 33, 8, 2),
(8548, 33, 9, 1),
(8549, 33, 10, 2),
(8550, 33, 11, 2),
(8551, 33, 12, 1),
(8552, 33, 13, 1),
(8553, 33, 14, 2),
(8554, 33, 15, 1),
(8555, 33, 16, 2),
(8556, 33, 17, 1),
(8557, 33, 18, 2),
(8558, 33, 19, 1),
(8559, 33, 20, 2),
(8560, 33, 21, 2),
(8561, 33, 22, 1),
(8562, 33, 23, 2),
(8563, 33, 24, 2),
(8564, 33, 25, 2),
(8565, 33, 26, 2),
(8566, 33, 27, 2),
(8567, 33, 28, 1),
(8568, 33, 29, 1),
(8569, 33, 30, 2),
(8570, 33, 31, 1),
(8571, 33, 32, 1),
(8572, 33, 33, 1),
(8573, 33, 0, 1),
(8574, 33, 0, 2),
(8575, 33, 0, 1),
(8786, 124, 1, 1),
(8787, 124, 2, 1),
(8788, 124, 3, 1),
(8789, 124, 4, 1),
(8790, 124, 5, 1),
(8791, 124, 6, 1),
(8792, 124, 7, 1),
(8793, 124, 8, 1),
(8794, 124, 9, 1),
(8795, 124, 10, 2),
(8796, 124, 11, 2),
(8797, 124, 12, 2),
(8798, 124, 13, 2),
(8799, 124, 14, 2),
(8800, 124, 15, 1),
(8801, 124, 16, 2),
(8802, 124, 17, 1),
(8803, 124, 18, 2),
(8804, 124, 19, 1),
(8805, 124, 20, 2),
(8806, 124, 21, 2),
(8807, 124, 22, 1),
(8808, 124, 24, 2),
(8809, 124, 25, 2),
(8810, 124, 26, 2),
(8811, 124, 27, 2),
(8812, 124, 28, 2),
(8813, 124, 29, 2),
(8814, 124, 30, 2),
(8815, 124, 31, 1),
(8816, 124, 32, 1),
(8817, 124, 33, 1),
(8818, 125, 1, 1),
(8819, 125, 2, 1),
(8820, 125, 3, 1),
(8821, 125, 4, 1),
(8822, 125, 5, 1),
(8823, 125, 6, 1),
(8824, 125, 7, 1),
(8825, 125, 8, 1),
(8826, 125, 10, 2),
(8827, 125, 11, 2),
(8828, 125, 12, 2),
(8829, 125, 13, 2),
(8830, 125, 14, 2),
(8831, 125, 15, 1),
(8832, 125, 16, 2),
(8833, 125, 17, 1),
(8834, 125, 18, 2),
(8835, 125, 19, 1),
(8836, 125, 20, 2),
(8837, 125, 21, 2),
(8838, 125, 22, 1),
(8839, 125, 23, 2),
(8840, 125, 24, 2),
(8841, 125, 25, 2),
(8842, 125, 26, 2),
(8843, 125, 27, 2),
(8844, 125, 28, 2),
(8845, 125, 29, 2),
(8846, 125, 30, 2),
(8847, 125, 31, 1),
(8848, 125, 32, 1),
(8849, 125, 33, 1),
(8850, 126, 1, 1),
(8851, 126, 2, 1),
(8852, 126, 3, 1),
(8853, 126, 4, 1),
(8854, 126, 5, 1),
(8855, 126, 6, 2),
(8856, 126, 7, 2),
(8857, 126, 8, 2),
(8858, 126, 9, 1),
(8859, 126, 10, 2),
(8860, 126, 11, 2),
(8861, 126, 12, 1),
(8862, 126, 13, 2),
(8863, 126, 14, 2),
(8864, 126, 15, 1),
(8865, 126, 16, 2),
(8866, 126, 17, 1),
(8867, 126, 18, 2),
(8868, 126, 19, 1),
(8869, 126, 20, 2),
(8870, 126, 21, 2),
(8871, 126, 22, 1),
(8872, 126, 23, 2),
(8873, 126, 24, 2),
(8874, 126, 25, 2),
(8875, 126, 26, 2),
(8876, 126, 27, 2),
(8877, 126, 28, 1),
(8878, 126, 29, 2),
(8879, 126, 30, 2),
(8880, 126, 31, 1),
(8881, 126, 32, 1),
(8882, 126, 33, 1),
(8883, 127, 1, 1),
(8884, 127, 2, 1),
(8885, 127, 3, 1),
(8886, 127, 4, 1),
(8887, 127, 5, 1),
(8888, 127, 6, 1),
(8889, 127, 7, 2),
(8890, 127, 8, 1),
(8891, 127, 9, 1),
(8892, 127, 10, 2),
(8893, 127, 11, 2),
(8894, 127, 12, 1),
(8895, 127, 13, 1),
(8896, 127, 14, 2),
(8897, 127, 15, 1),
(8898, 127, 16, 2),
(8899, 127, 17, 1),
(8900, 127, 18, 2),
(8901, 127, 19, 1),
(8902, 127, 20, 2),
(8903, 127, 21, 2),
(8904, 127, 22, 1),
(8905, 127, 23, 1),
(8906, 127, 24, 1),
(8907, 127, 25, 2),
(8908, 127, 26, 2),
(8909, 127, 27, 1),
(8910, 127, 28, 1),
(8911, 127, 29, 1),
(8912, 127, 30, 2),
(8913, 127, 31, 1),
(8914, 127, 32, 1),
(8915, 127, 33, 1),
(8916, 128, 1, 1),
(8917, 128, 2, 1),
(8918, 128, 3, 1),
(8919, 128, 4, 1),
(8920, 128, 5, 1),
(8921, 128, 6, 1),
(8922, 128, 7, 2),
(8923, 128, 8, 1),
(8924, 128, 9, 1),
(8925, 128, 10, 2),
(8926, 128, 11, 2),
(8927, 128, 13, 1),
(8928, 128, 14, 2),
(8929, 128, 15, 1),
(8930, 128, 16, 2),
(8931, 128, 17, 1),
(8932, 128, 18, 2),
(8933, 128, 19, 1),
(8934, 128, 20, 2),
(8935, 128, 21, 2),
(8936, 128, 22, 1),
(8937, 128, 23, 2),
(8938, 128, 24, 2),
(8939, 128, 25, 2),
(8940, 128, 26, 2),
(8941, 128, 27, 2),
(8942, 128, 28, 1),
(8943, 128, 29, 1),
(8944, 128, 30, 2),
(8945, 128, 31, 1),
(8946, 128, 32, 1),
(8947, 128, 33, 1),
(8948, 129, 1, 1),
(8949, 129, 2, 1),
(8950, 129, 3, 1),
(8951, 129, 4, 1),
(8952, 129, 5, 1),
(8953, 129, 6, 1),
(8954, 129, 7, 2),
(8955, 129, 8, 1),
(8956, 129, 9, 1),
(8957, 129, 10, 2),
(8958, 129, 11, 2),
(8959, 129, 12, 1),
(8960, 129, 13, 1),
(8961, 129, 14, 2),
(8962, 129, 15, 1),
(8963, 129, 16, 2),
(8964, 129, 17, 1),
(8965, 129, 18, 2),
(8966, 129, 19, 1),
(8967, 129, 20, 2),
(8968, 129, 21, 2),
(8969, 129, 22, 1),
(8970, 129, 23, 2),
(8971, 129, 24, 2),
(8972, 129, 25, 2),
(8973, 129, 26, 2),
(8974, 129, 27, 2),
(8975, 129, 28, 1),
(8976, 129, 29, 1),
(8977, 129, 30, 2),
(8978, 129, 31, 1),
(8979, 129, 32, 1),
(8980, 129, 33, 1),
(8981, 130, 1, 2),
(8982, 130, 2, 1),
(8983, 130, 3, 2),
(8984, 130, 4, 1),
(8985, 130, 5, 1),
(8986, 130, 6, 1),
(8987, 130, 7, 2),
(8988, 130, 8, 1),
(8989, 130, 9, 1),
(8990, 130, 10, 2),
(8991, 130, 11, 2),
(8992, 130, 12, 1),
(8993, 130, 13, 1),
(8994, 130, 14, 2),
(8995, 130, 15, 1),
(8996, 130, 16, 2),
(8997, 130, 17, 1),
(8998, 130, 18, 2),
(8999, 130, 19, 1),
(9000, 130, 20, 2),
(9001, 130, 21, 2),
(9002, 130, 22, 1),
(9003, 130, 23, 2),
(9004, 130, 24, 2),
(9005, 130, 25, 2),
(9006, 130, 26, 2),
(9007, 130, 27, 2),
(9008, 130, 28, 1),
(9009, 130, 29, 1),
(9010, 130, 30, 2),
(9011, 130, 31, 1),
(9012, 130, 32, 1),
(9013, 130, 33, 1),
(9014, 131, 1, 2),
(9015, 131, 2, 2),
(9016, 131, 3, 2),
(9017, 131, 4, 2),
(9018, 131, 5, 2),
(9019, 131, 6, 1),
(9020, 131, 7, 2),
(9021, 131, 8, 1),
(9022, 131, 9, 1),
(9023, 131, 10, 1),
(9024, 131, 11, 1),
(9025, 131, 12, 2),
(9026, 131, 13, 2),
(9027, 131, 14, 1),
(9028, 131, 15, 1),
(9029, 131, 16, 1),
(9030, 131, 17, 2),
(9031, 131, 18, 2),
(9032, 131, 19, 1),
(9033, 131, 20, 1),
(9034, 131, 21, 1),
(9035, 131, 22, 1),
(9036, 131, 23, 1),
(9037, 131, 24, 2),
(9038, 131, 25, 1),
(9039, 131, 26, 1),
(9040, 131, 27, 2),
(9041, 131, 28, 2),
(9042, 131, 29, 2),
(9043, 131, 30, 2),
(9044, 131, 31, 1),
(9045, 131, 32, 1),
(9046, 131, 33, 2),
(9083, 119, 1, 2),
(9084, 119, 2, 2),
(9085, 119, 3, 2),
(9086, 119, 4, 2),
(9087, 119, 5, 2),
(9088, 119, 6, 2),
(9089, 119, 7, 2),
(9090, 119, 8, 2),
(9091, 119, 9, 2),
(9092, 119, 10, 1),
(9093, 119, 11, 1),
(9094, 119, 12, 1),
(9095, 119, 13, 1),
(9096, 119, 14, 2),
(9097, 119, 15, 1),
(9098, 119, 16, 2),
(9099, 119, 17, 1),
(9100, 119, 18, 2),
(9101, 119, 19, 1),
(9102, 119, 20, 1),
(9103, 119, 21, 1),
(9104, 119, 22, 1),
(9105, 119, 23, 1),
(9106, 119, 24, 2),
(9107, 119, 25, 2),
(9108, 119, 26, 2),
(9109, 119, 27, 2),
(9110, 119, 28, 2),
(9111, 119, 29, 2);
INSERT INTO `controlAccesorios` (`id`, `idControlRecibe`, `idAccesorio`, `idEstatus`) VALUES
(9112, 119, 30, 2),
(9113, 119, 31, 1),
(9114, 119, 32, 1),
(9115, 119, 33, 1),
(9116, 119, 0, 1),
(9117, 119, 0, 2),
(9118, 119, 0, 1),
(9119, 121, 1, 2),
(9120, 121, 2, 2),
(9121, 121, 3, 2),
(9122, 121, 4, 1),
(9123, 121, 5, 1),
(9124, 121, 6, 1),
(9125, 121, 7, 2),
(9126, 121, 8, 1),
(9127, 121, 9, 1),
(9128, 121, 10, 1),
(9129, 121, 11, 1),
(9130, 121, 12, 1),
(9131, 121, 13, 2),
(9132, 121, 14, 1),
(9133, 121, 15, 1),
(9134, 121, 16, 2),
(9135, 121, 17, 2),
(9136, 121, 18, 2),
(9137, 121, 19, 1),
(9138, 121, 20, 1),
(9139, 121, 21, 1),
(9140, 121, 22, 1),
(9141, 121, 23, 1),
(9142, 121, 24, 2),
(9143, 121, 25, 1),
(9144, 121, 26, 1),
(9145, 121, 27, 2),
(9146, 121, 28, 1),
(9147, 121, 29, 2),
(9148, 121, 30, 2),
(9149, 121, 31, 1),
(9150, 121, 32, 1),
(9151, 121, 33, 2),
(9152, 121, 0, 1),
(9153, 121, 0, 2),
(9154, 121, 0, 2),
(9155, 45, 1, 1),
(9156, 45, 2, 1),
(9157, 45, 3, 1),
(9158, 45, 4, 1),
(9159, 45, 5, 1),
(9160, 45, 6, 1),
(9161, 45, 7, 1),
(9162, 45, 8, 1),
(9163, 45, 9, 1),
(9164, 45, 10, 2),
(9165, 45, 11, 2),
(9166, 45, 12, 1),
(9167, 45, 13, 2),
(9168, 45, 14, 1),
(9169, 45, 15, 1),
(9170, 45, 16, 2),
(9171, 45, 17, 2),
(9172, 45, 18, 2),
(9173, 45, 19, 1),
(9174, 45, 20, 2),
(9175, 45, 21, 1),
(9176, 45, 22, 1),
(9177, 45, 23, 2),
(9178, 45, 24, 2),
(9179, 45, 25, 1),
(9180, 45, 26, 1),
(9181, 45, 27, 2),
(9182, 45, 28, 1),
(9183, 45, 29, 1),
(9184, 45, 30, 2),
(9185, 45, 31, 1),
(9186, 45, 32, 1),
(9187, 45, 33, 2),
(9188, 45, 0, 1),
(9189, 45, 0, 2),
(9190, 45, 0, 2),
(9227, 118, 1, 1),
(9228, 118, 2, 1),
(9229, 118, 3, 1),
(9230, 118, 4, 1),
(9231, 118, 5, 1),
(9232, 118, 6, 1),
(9233, 118, 7, 1),
(9234, 118, 8, 1),
(9235, 118, 9, 1),
(9236, 118, 10, 2),
(9237, 118, 11, 2),
(9238, 118, 12, 1),
(9239, 118, 13, 2),
(9240, 118, 14, 1),
(9241, 118, 15, 1),
(9242, 118, 16, 1),
(9243, 118, 17, 2),
(9244, 118, 18, 2),
(9245, 118, 19, 1),
(9246, 118, 20, 2),
(9247, 118, 21, 1),
(9248, 118, 22, 1),
(9249, 118, 23, 2),
(9250, 118, 24, 2),
(9251, 118, 25, 1),
(9252, 118, 26, 1),
(9253, 118, 27, 2),
(9254, 118, 28, 1),
(9255, 118, 29, 1),
(9256, 118, 30, 2),
(9257, 118, 31, 1),
(9258, 118, 32, 1),
(9259, 118, 33, 2),
(9260, 118, 0, 1),
(9261, 118, 0, 1),
(9262, 118, 0, 2),
(9263, 24, 1, 1),
(9264, 24, 2, 1),
(9265, 24, 3, 1),
(9266, 24, 4, 1),
(9267, 24, 5, 1),
(9268, 24, 6, 1),
(9269, 24, 7, 1),
(9270, 24, 8, 1),
(9271, 24, 9, 1),
(9272, 24, 10, 2),
(9273, 24, 11, 2),
(9274, 24, 12, 2),
(9275, 24, 13, 2),
(9276, 24, 14, 1),
(9277, 24, 15, 2),
(9278, 24, 16, 1),
(9279, 24, 17, 2),
(9280, 24, 18, 2),
(9281, 24, 19, 1),
(9282, 24, 20, 2),
(9283, 24, 21, 1),
(9284, 24, 22, 1),
(9285, 24, 23, 2),
(9286, 24, 24, 2),
(9287, 24, 25, 1),
(9288, 24, 26, 1),
(9289, 24, 27, 1),
(9290, 24, 28, 1),
(9291, 24, 29, 1),
(9292, 24, 30, 2),
(9293, 24, 31, 1),
(9294, 24, 32, 1),
(9295, 24, 33, 2),
(9296, 24, 0, 1),
(9297, 24, 0, 1),
(9298, 24, 0, 2),
(9299, 132, 1, 1),
(9300, 132, 2, 1),
(9301, 132, 3, 1),
(9302, 132, 4, 2),
(9303, 132, 5, 2),
(9304, 132, 6, 2),
(9305, 132, 7, 2),
(9306, 132, 8, 2),
(9307, 132, 9, 2),
(9308, 132, 10, 2),
(9309, 132, 11, 2),
(9310, 132, 12, 2),
(9311, 132, 13, 2),
(9312, 132, 14, 1),
(9313, 132, 15, 1),
(9314, 132, 16, 2),
(9315, 132, 17, 2),
(9316, 132, 18, 2),
(9317, 132, 19, 1),
(9318, 132, 20, 2),
(9319, 132, 21, 2),
(9320, 132, 22, 1),
(9321, 132, 23, 2),
(9322, 132, 24, 2),
(9323, 132, 25, 2),
(9324, 132, 26, 2),
(9325, 132, 27, 2),
(9326, 132, 28, 2),
(9327, 132, 29, 2),
(9328, 132, 30, 2),
(9329, 132, 31, 1),
(9330, 132, 32, 1),
(9331, 132, 33, 1),
(9512, 5, 1, 1),
(9513, 5, 2, 1),
(9514, 5, 3, 1),
(9515, 5, 4, 1),
(9516, 5, 5, 1),
(9517, 5, 6, 1),
(9518, 5, 7, 2),
(9519, 5, 8, 1),
(9520, 5, 9, 1),
(9521, 5, 10, 2),
(9522, 5, 11, 2),
(9523, 5, 12, 1),
(9524, 5, 13, 1),
(9525, 5, 14, 2),
(9526, 5, 15, 1),
(9527, 5, 16, 2),
(9528, 5, 17, 1),
(9529, 5, 18, 2),
(9530, 5, 19, 1),
(9531, 5, 20, 2),
(9532, 5, 21, 2),
(9533, 5, 22, 2),
(9534, 5, 23, 2),
(9535, 5, 24, 2),
(9536, 5, 25, 2),
(9537, 5, 26, 2),
(9538, 5, 27, 2),
(9539, 5, 28, 2),
(9540, 5, 29, 2),
(9541, 5, 30, 2),
(9542, 5, 31, 1),
(9543, 5, 32, 1),
(9544, 5, 33, 1),
(9545, 5, 0, 1),
(9546, 5, 0, 2),
(9547, 5, 0, 2),
(9692, 46, 1, 1),
(9693, 46, 2, 1),
(9694, 46, 3, 1),
(9695, 46, 4, 1),
(9696, 46, 5, 2),
(9697, 46, 6, 1),
(9698, 46, 7, 2),
(9699, 46, 8, 1),
(9700, 46, 9, 1),
(9701, 46, 10, 2),
(9702, 46, 11, 2),
(9703, 46, 12, 1),
(9704, 46, 13, 2),
(9705, 46, 14, 1),
(9706, 46, 15, 1),
(9707, 46, 16, 1),
(9708, 46, 17, 2),
(9709, 46, 18, 2),
(9710, 46, 19, 1),
(9711, 46, 20, 2),
(9712, 46, 21, 2),
(9713, 46, 22, 1),
(9714, 46, 23, 2),
(9715, 46, 24, 2),
(9716, 46, 25, 2),
(9717, 46, 26, 2),
(9718, 46, 27, 2),
(9719, 46, 28, 1),
(9720, 46, 29, 1),
(9721, 46, 30, 2),
(9722, 46, 31, 1),
(9723, 46, 32, 1),
(9724, 46, 33, 2),
(9725, 46, 0, 1),
(9726, 46, 0, 2),
(9727, 46, 0, 1),
(9872, 133, 1, 1),
(9873, 133, 2, 1),
(9874, 133, 3, 1),
(9875, 133, 4, 1),
(9876, 133, 5, 1),
(9877, 133, 6, 1),
(9878, 133, 7, 1),
(9879, 133, 8, 1),
(9880, 133, 9, 1),
(9881, 133, 10, 2),
(9882, 133, 11, 2),
(9883, 133, 12, 1),
(9884, 133, 13, 1),
(9885, 133, 14, 2),
(9886, 133, 15, 1),
(9887, 133, 16, 2),
(9888, 133, 17, 1),
(9889, 133, 18, 2),
(9890, 133, 19, 1),
(9891, 133, 20, 2),
(9892, 133, 21, 2),
(9893, 133, 22, 1),
(9894, 133, 23, 2),
(9895, 133, 24, 2),
(9896, 133, 25, 2),
(9897, 133, 26, 2),
(9898, 133, 27, 2),
(9899, 133, 28, 1),
(9900, 133, 29, 1),
(9901, 133, 30, 2),
(9902, 133, 31, 1),
(9903, 133, 32, 1),
(9904, 133, 33, 1),
(9905, 133, 0, 1),
(9906, 133, 0, 1),
(9907, 133, 0, 1),
(9908, 133, 0, 1),
(9909, 133, 0, 2),
(9910, 133, 0, 1),
(9911, 133, 0, 2),
(9912, 133, 0, 1),
(9913, 133, 0, 2),
(9914, 133, 0, 2),
(9915, 133, 0, 2),
(9916, 133, 0, 1),
(9917, 133, 0, 1),
(9918, 133, 0, 2),
(9919, 133, 0, 1),
(9920, 133, 0, 1),
(9921, 133, 0, 1),
(9922, 133, 0, 2),
(9923, 133, 0, 1),
(9924, 133, 0, 2),
(9925, 133, 0, 2),
(9926, 133, 0, 1),
(9927, 133, 0, 2),
(9928, 133, 0, 2),
(9929, 133, 0, 2),
(9930, 133, 0, 2),
(9931, 133, 0, 2),
(9932, 133, 0, 1),
(9933, 133, 0, 1),
(9934, 133, 0, 2),
(9935, 133, 0, 1),
(9936, 133, 0, 1),
(9937, 133, 0, 2),
(9938, 133, 0, 1),
(9939, 133, 0, 2),
(9940, 133, 0, 2),
(9941, 134, 1, 1),
(9942, 134, 2, 1),
(9943, 134, 3, 1),
(9944, 134, 4, 1),
(9945, 134, 5, 1),
(9946, 134, 6, 1),
(9947, 134, 7, 1),
(9948, 134, 8, 1),
(9949, 134, 9, 1),
(9950, 134, 10, 2),
(9951, 134, 11, 2),
(9952, 134, 12, 1),
(9953, 134, 13, 1),
(9954, 134, 14, 2),
(9955, 134, 15, 1),
(9956, 134, 16, 2),
(9957, 134, 17, 1),
(9958, 134, 18, 2),
(9959, 134, 19, 1),
(9960, 134, 20, 2),
(9961, 134, 21, 2),
(9962, 134, 22, 1),
(9963, 134, 23, 2),
(9964, 134, 24, 2),
(9965, 134, 25, 2),
(9966, 134, 26, 2),
(9967, 134, 27, 2),
(9968, 134, 28, 1),
(9969, 134, 29, 2),
(9970, 134, 30, 2),
(9971, 134, 31, 1),
(9972, 134, 32, 1),
(9973, 134, 33, 1),
(10044, 75, 1, 1),
(10045, 75, 2, 1),
(10046, 75, 3, 1),
(10047, 75, 4, 1),
(10048, 75, 5, 2),
(10049, 75, 6, 1),
(10050, 75, 7, 2),
(10051, 75, 9, 1),
(10052, 75, 10, 1),
(10053, 75, 11, 1),
(10054, 75, 12, 2),
(10055, 75, 13, 2),
(10056, 75, 14, 1),
(10057, 75, 15, 1),
(10058, 75, 16, 2),
(10059, 75, 17, 2),
(10060, 75, 18, 2),
(10061, 75, 19, 1),
(10062, 75, 20, 2),
(10063, 75, 21, 2),
(10064, 75, 22, 1),
(10065, 75, 23, 2),
(10066, 75, 24, 2),
(10067, 75, 25, 1),
(10068, 75, 26, 2),
(10069, 75, 27, 2),
(10070, 75, 28, 1),
(10071, 75, 29, 1),
(10072, 75, 30, 1),
(10073, 75, 31, 1),
(10074, 75, 32, 1),
(10075, 75, 33, 2),
(10076, 75, 0, 1),
(10077, 75, 0, 2),
(10078, 75, 0, 2),
(10079, 135, 1, 1),
(10080, 135, 2, 1),
(10081, 135, 3, 1),
(10082, 135, 4, 1),
(10083, 135, 5, 1),
(10084, 135, 6, 1),
(10085, 135, 7, 1),
(10086, 135, 8, 1),
(10087, 135, 9, 1),
(10088, 135, 10, 1),
(10089, 135, 11, 1),
(10090, 135, 12, 2),
(10091, 135, 13, 2),
(10092, 135, 14, 1),
(10093, 135, 15, 1),
(10094, 135, 16, 2),
(10095, 135, 17, 2),
(10096, 135, 18, 1),
(10097, 135, 19, 1),
(10098, 135, 20, 2),
(10099, 135, 21, 2),
(10100, 135, 22, 1),
(10101, 135, 23, 1),
(10102, 135, 24, 2),
(10103, 135, 25, 1),
(10104, 135, 26, 2),
(10105, 135, 27, 2),
(10106, 135, 28, 1),
(10107, 135, 29, 2),
(10108, 135, 30, 2),
(10109, 135, 31, 1),
(10110, 135, 32, 1),
(10111, 135, 33, 1),
(10112, 135, 0, 1),
(10113, 135, 0, 1),
(10114, 135, 0, 1),
(10115, 135, 0, 1),
(10116, 135, 0, 2),
(10117, 135, 0, 1),
(10118, 135, 0, 2),
(10119, 135, 0, 1),
(10120, 135, 0, 1),
(10121, 135, 0, 1),
(10122, 135, 0, 2),
(10123, 135, 0, 2),
(10124, 135, 0, 1),
(10125, 135, 0, 1),
(10126, 135, 0, 2),
(10127, 135, 0, 2),
(10128, 135, 0, 2),
(10129, 135, 0, 1),
(10130, 135, 0, 2),
(10131, 135, 0, 2),
(10132, 135, 0, 1),
(10133, 135, 0, 2),
(10134, 135, 0, 2),
(10135, 135, 0, 1),
(10136, 135, 0, 2),
(10137, 135, 0, 2),
(10138, 135, 0, 1),
(10139, 135, 0, 1),
(10140, 135, 0, 1),
(10141, 135, 0, 1),
(10142, 135, 0, 1),
(10143, 135, 0, 2),
(10144, 135, 0, 1),
(10145, 135, 0, 2),
(10146, 135, 0, 2),
(10255, 136, 1, 1),
(10256, 136, 2, 1),
(10257, 136, 3, 1),
(10258, 136, 4, 1),
(10259, 136, 5, 1),
(10260, 136, 6, 1),
(10261, 136, 7, 1),
(10262, 136, 8, 1),
(10263, 136, 9, 1),
(10264, 136, 10, 2),
(10265, 136, 11, 2),
(10266, 136, 12, 1),
(10267, 136, 13, 1),
(10268, 136, 14, 2),
(10269, 136, 15, 1),
(10270, 136, 16, 2),
(10271, 136, 17, 1),
(10272, 136, 18, 2),
(10273, 136, 19, 1),
(10274, 136, 20, 2),
(10275, 136, 21, 1),
(10276, 136, 22, 1),
(10277, 136, 23, 2),
(10278, 136, 24, 2),
(10279, 136, 25, 2),
(10280, 136, 26, 2),
(10281, 136, 27, 2),
(10282, 136, 28, 1),
(10283, 136, 29, 2),
(10284, 136, 30, 2),
(10285, 136, 31, 1),
(10286, 136, 32, 1),
(10287, 136, 33, 1),
(10288, 136, 0, 1),
(10289, 136, 0, 1),
(10290, 136, 0, 1),
(10291, 136, 0, 1),
(10292, 136, 0, 1),
(10293, 136, 0, 1),
(10294, 136, 0, 2),
(10295, 136, 0, 1),
(10296, 136, 0, 2),
(10297, 136, 0, 2),
(10298, 136, 0, 2),
(10299, 136, 0, 1),
(10300, 136, 0, 1),
(10301, 136, 0, 2),
(10302, 136, 0, 1),
(10303, 136, 0, 1),
(10304, 136, 0, 1),
(10305, 136, 0, 2),
(10306, 136, 0, 1),
(10307, 136, 0, 2),
(10308, 136, 0, 2),
(10309, 136, 0, 1),
(10310, 136, 0, 2),
(10311, 136, 0, 2),
(10312, 136, 0, 2),
(10313, 136, 0, 1),
(10314, 136, 0, 2),
(10315, 136, 0, 1),
(10316, 136, 0, 1),
(10317, 136, 0, 2),
(10318, 136, 0, 1),
(10319, 136, 0, 1),
(10320, 136, 0, 1),
(10321, 136, 0, 1),
(10322, 136, 0, 2),
(10323, 136, 0, 2),
(10324, 137, 1, 1),
(10325, 137, 2, 1),
(10326, 137, 3, 1),
(10327, 137, 4, 1),
(10328, 137, 5, 1),
(10329, 137, 6, 1),
(10330, 137, 7, 1),
(10331, 137, 8, 1),
(10332, 137, 9, 1),
(10333, 137, 10, 2),
(10334, 137, 11, 2),
(10335, 137, 12, 1),
(10336, 137, 13, 1),
(10337, 137, 14, 2),
(10338, 137, 15, 1),
(10339, 137, 16, 2),
(10340, 137, 17, 1),
(10341, 137, 18, 2),
(10342, 137, 19, 1),
(10343, 137, 20, 2),
(10344, 138, 1, 1),
(10345, 138, 2, 1),
(10346, 138, 3, 1),
(10347, 138, 4, 1),
(10348, 138, 5, 1),
(10349, 138, 6, 1),
(10350, 138, 7, 2),
(10351, 138, 8, 1),
(10352, 138, 9, 2),
(10353, 138, 10, 2),
(10354, 138, 11, 2),
(10355, 138, 12, 2),
(10356, 138, 13, 2),
(10357, 138, 14, 2),
(10358, 138, 15, 1),
(10359, 138, 16, 1),
(10360, 138, 17, 2),
(10361, 138, 18, 2),
(10362, 138, 19, 1),
(10363, 138, 20, 2),
(10364, 138, 21, 2),
(10365, 138, 22, 1),
(10366, 138, 23, 2),
(10367, 138, 24, 2),
(10368, 138, 25, 2),
(10369, 138, 26, 2),
(10370, 138, 27, 2),
(10371, 138, 28, 2),
(10372, 138, 29, 2),
(10373, 138, 30, 2),
(10374, 138, 31, 1),
(10375, 138, 32, 1),
(10376, 138, 33, 1),
(10377, 139, 1, 1),
(10378, 139, 2, 1),
(10379, 139, 3, 1),
(10380, 139, 4, 1),
(10381, 139, 5, 1),
(10382, 139, 6, 1),
(10383, 139, 7, 1),
(10384, 139, 8, 1),
(10385, 139, 9, 1),
(10386, 139, 10, 2),
(10387, 139, 11, 2),
(10388, 139, 12, 1),
(10389, 139, 13, 1),
(10390, 139, 14, 2),
(10391, 139, 15, 1),
(10392, 139, 16, 2),
(10393, 139, 17, 1),
(10394, 139, 18, 2),
(10395, 139, 19, 1),
(10396, 139, 20, 2),
(10397, 139, 21, 1),
(10398, 139, 22, 1),
(10399, 139, 23, 2),
(10400, 139, 24, 2),
(10401, 139, 25, 2),
(10402, 139, 26, 2),
(10403, 139, 27, 2),
(10404, 139, 28, 1),
(10405, 139, 29, 2),
(10406, 139, 30, 2),
(10407, 139, 31, 1),
(10408, 139, 32, 1),
(10409, 139, 33, 1),
(10410, 140, 1, 1),
(10411, 140, 2, 1),
(10412, 140, 3, 1),
(10413, 140, 4, 1),
(10414, 140, 5, 1),
(10415, 140, 6, 1),
(10416, 140, 7, 1),
(10417, 140, 8, 1),
(10418, 140, 9, 1),
(10419, 140, 10, 2),
(10420, 140, 11, 2),
(10421, 140, 12, 1),
(10422, 140, 13, 1),
(10423, 140, 14, 2),
(10424, 140, 15, 1),
(10425, 140, 16, 2),
(10426, 140, 17, 1),
(10427, 140, 18, 2),
(10428, 140, 19, 1),
(10429, 140, 20, 2),
(10430, 140, 21, 1),
(10431, 140, 22, 1),
(10432, 140, 23, 2),
(10433, 140, 24, 2),
(10434, 140, 25, 2),
(10435, 140, 26, 2),
(10436, 140, 27, 2),
(10437, 140, 28, 1),
(10438, 140, 30, 2),
(10439, 140, 31, 1),
(10440, 140, 32, 1),
(10441, 140, 33, 1),
(10442, 141, 1, 1),
(10443, 141, 2, 1),
(10444, 141, 3, 1),
(10445, 141, 4, 1),
(10446, 141, 5, 1),
(10447, 141, 6, 1),
(10448, 141, 7, 1),
(10449, 141, 8, 1),
(10450, 141, 9, 1),
(10451, 141, 10, 2),
(10452, 141, 11, 2),
(10453, 141, 12, 1),
(10454, 141, 13, 1),
(10455, 141, 14, 1),
(10456, 141, 15, 1),
(10457, 141, 16, 2),
(10458, 141, 17, 1),
(10459, 141, 18, 2),
(10460, 141, 19, 1),
(10461, 141, 20, 2),
(10462, 141, 21, 1),
(10463, 141, 22, 1),
(10464, 141, 23, 2),
(10465, 141, 24, 2),
(10466, 141, 26, 2),
(10467, 141, 27, 2),
(10468, 141, 28, 1),
(10469, 141, 29, 2),
(10470, 141, 30, 2),
(10471, 141, 31, 1),
(10472, 141, 32, 1),
(10473, 141, 33, 1),
(10474, 142, 1, 1),
(10475, 142, 2, 1),
(10476, 142, 3, 1),
(10477, 142, 4, 1),
(10478, 142, 5, 1),
(10479, 142, 6, 1),
(10480, 142, 7, 1),
(10481, 142, 8, 1),
(10482, 142, 9, 1),
(10483, 142, 10, 2),
(10484, 142, 11, 2),
(10485, 142, 12, 1),
(10486, 142, 13, 1),
(10487, 142, 14, 2),
(10488, 142, 15, 1),
(10489, 142, 16, 2),
(10490, 142, 17, 1),
(10491, 142, 19, 1),
(10492, 142, 20, 2),
(10493, 142, 21, 1),
(10494, 142, 22, 1),
(10495, 142, 23, 2),
(10496, 142, 24, 2),
(10497, 142, 25, 2),
(10498, 142, 26, 2),
(10499, 142, 27, 2),
(10500, 142, 28, 1),
(10501, 142, 29, 2),
(10502, 142, 30, 2),
(10503, 142, 31, 1),
(10504, 142, 32, 1),
(10505, 142, 33, 1),
(10506, 143, 1, 1),
(10507, 143, 2, 1),
(10508, 143, 3, 1),
(10509, 143, 4, 1),
(10510, 143, 5, 1),
(10511, 143, 6, 1),
(10512, 143, 7, 1),
(10513, 143, 8, 1),
(10514, 143, 9, 1),
(10515, 143, 10, 2),
(10516, 143, 11, 2),
(10517, 143, 12, 1),
(10518, 143, 13, 1),
(10519, 143, 14, 2),
(10520, 143, 15, 1),
(10521, 143, 16, 2),
(10522, 143, 17, 1),
(10523, 143, 18, 2),
(10524, 143, 19, 1),
(10525, 143, 20, 2),
(10526, 143, 21, 1),
(10527, 143, 22, 1),
(10528, 143, 23, 2),
(10529, 143, 24, 2),
(10530, 143, 25, 2),
(10531, 143, 26, 2),
(10532, 143, 27, 2),
(10533, 143, 28, 1),
(10534, 143, 29, 2),
(10535, 143, 30, 2),
(10536, 143, 31, 1),
(10537, 143, 32, 1),
(10538, 143, 33, 1),
(10539, 144, 1, 1),
(10540, 144, 2, 1),
(10541, 144, 3, 1),
(10542, 144, 4, 1),
(10543, 144, 5, 1),
(10544, 144, 6, 1),
(10545, 144, 7, 1),
(10546, 144, 8, 1),
(10547, 144, 9, 1),
(10548, 144, 10, 2),
(10549, 144, 11, 2),
(10550, 144, 12, 1),
(10551, 144, 13, 1),
(10552, 144, 14, 2),
(10553, 144, 15, 1),
(10554, 144, 16, 2),
(10555, 144, 17, 1),
(10556, 144, 18, 2),
(10557, 144, 19, 1),
(10558, 144, 20, 2),
(10559, 144, 21, 1),
(10560, 144, 22, 1),
(10561, 144, 23, 2),
(10562, 144, 24, 2),
(10563, 144, 25, 2),
(10564, 144, 26, 2),
(10565, 144, 27, 2),
(10566, 144, 28, 1),
(10567, 144, 29, 2),
(10568, 144, 30, 2),
(10569, 144, 31, 1),
(10570, 144, 32, 1),
(10571, 144, 33, 1),
(10572, 145, 1, 1),
(10573, 145, 2, 1),
(10574, 145, 3, 1),
(10575, 145, 4, 1),
(10576, 145, 5, 1),
(10577, 145, 6, 1),
(10578, 145, 7, 1),
(10579, 145, 8, 1),
(10580, 145, 9, 1),
(10581, 145, 10, 2),
(10582, 145, 11, 2),
(10583, 145, 12, 1),
(10584, 145, 13, 1),
(10585, 145, 14, 2),
(10586, 145, 15, 1),
(10587, 145, 16, 2),
(10588, 145, 17, 1),
(10589, 145, 18, 2),
(10590, 145, 19, 1),
(10591, 145, 20, 2),
(10592, 145, 21, 1),
(10593, 145, 22, 1),
(10594, 145, 23, 2),
(10595, 145, 24, 2),
(10596, 145, 25, 1),
(10597, 145, 26, 2),
(10598, 145, 27, 2),
(10599, 145, 28, 1),
(10600, 145, 29, 2),
(10601, 145, 30, 2),
(10602, 145, 31, 1),
(10603, 145, 32, 1),
(10604, 145, 33, 1),
(10605, 146, 1, 1),
(10606, 146, 2, 1),
(10607, 146, 3, 1),
(10608, 146, 4, 1),
(10609, 146, 5, 1),
(10610, 146, 6, 1),
(10611, 146, 7, 1),
(10612, 146, 8, 1),
(10613, 146, 9, 1),
(10614, 146, 10, 2),
(10615, 146, 11, 2),
(10616, 146, 12, 1),
(10617, 146, 13, 1),
(10618, 146, 14, 2),
(10619, 146, 15, 1),
(10620, 146, 16, 2),
(10621, 146, 17, 1),
(10622, 146, 18, 2),
(10623, 146, 19, 1),
(10624, 146, 21, 1),
(10625, 146, 22, 1),
(10626, 146, 23, 2),
(10627, 146, 24, 2),
(10628, 146, 25, 2),
(10629, 146, 26, 2),
(10630, 146, 27, 2),
(10631, 146, 28, 1),
(10632, 146, 29, 2),
(10633, 146, 30, 2),
(10634, 146, 31, 1),
(10635, 146, 32, 1),
(10636, 146, 33, 1),
(10637, 147, 1, 1),
(10638, 147, 2, 1),
(10639, 147, 3, 1),
(10640, 147, 4, 1),
(10641, 147, 5, 1),
(10642, 147, 6, 1),
(10643, 147, 7, 1),
(10644, 147, 8, 1),
(10645, 147, 9, 1),
(10646, 147, 10, 2),
(10647, 147, 11, 2),
(10648, 147, 12, 1),
(10649, 147, 13, 1),
(10650, 147, 14, 2),
(10651, 147, 15, 1),
(10652, 147, 16, 2),
(10653, 147, 17, 1),
(10654, 147, 18, 2),
(10655, 147, 19, 1),
(10656, 147, 20, 2),
(10657, 147, 21, 1),
(10658, 147, 22, 1),
(10659, 147, 23, 2),
(10660, 147, 24, 2),
(10661, 147, 25, 2),
(10662, 147, 26, 2),
(10663, 147, 27, 2),
(10664, 147, 28, 1),
(10665, 147, 29, 2),
(10666, 147, 30, 2),
(10667, 147, 31, 1),
(10668, 147, 32, 1),
(10669, 147, 33, 1),
(10670, 148, 1, 1),
(10671, 148, 2, 1),
(10672, 148, 3, 1),
(10673, 148, 4, 1),
(10674, 148, 5, 1),
(10675, 148, 6, 1),
(10676, 148, 7, 1),
(10677, 148, 8, 1),
(10678, 148, 9, 1),
(10679, 148, 10, 2),
(10680, 148, 11, 2),
(10681, 148, 12, 1),
(10682, 148, 13, 1),
(10683, 148, 14, 2),
(10684, 148, 15, 1),
(10685, 148, 16, 2),
(10686, 148, 17, 1),
(10687, 148, 18, 2),
(10688, 148, 19, 1),
(10689, 148, 20, 2),
(10690, 148, 21, 1),
(10691, 148, 22, 1),
(10692, 148, 23, 2),
(10693, 148, 24, 2),
(10694, 148, 25, 2),
(10695, 148, 26, 2),
(10696, 148, 27, 2),
(10697, 148, 28, 1),
(10698, 148, 29, 2),
(10699, 148, 30, 2),
(10700, 148, 31, 1),
(10701, 148, 32, 1),
(10702, 148, 33, 1),
(10703, 149, 1, 1),
(10704, 149, 2, 1),
(10705, 149, 3, 1),
(10706, 149, 4, 1),
(10707, 149, 5, 1),
(10708, 149, 6, 1),
(10709, 149, 7, 2),
(10710, 149, 8, 1),
(10711, 149, 9, 1),
(10712, 149, 10, 2),
(10713, 149, 11, 2),
(10714, 149, 12, 1),
(10715, 149, 13, 1),
(10716, 149, 14, 2),
(10717, 149, 15, 1),
(10718, 149, 16, 2),
(10719, 149, 17, 1),
(10720, 149, 18, 2),
(10721, 149, 19, 1),
(10722, 149, 21, 1),
(10723, 149, 22, 1),
(10724, 149, 23, 2),
(10725, 149, 24, 2),
(10726, 149, 25, 2),
(10727, 149, 26, 2),
(10728, 149, 27, 2),
(10729, 149, 28, 1),
(10730, 149, 29, 2),
(10731, 149, 30, 2),
(10732, 149, 31, 1),
(10733, 149, 32, 1),
(10734, 149, 33, 1),
(10735, 150, 1, 1),
(10736, 150, 2, 1),
(10737, 150, 3, 1),
(10738, 150, 4, 1),
(10739, 150, 5, 1),
(10740, 150, 6, 1),
(10741, 150, 7, 2),
(10742, 150, 8, 1),
(10743, 150, 9, 1),
(10744, 150, 10, 2),
(10745, 150, 11, 2),
(10746, 150, 12, 1),
(10747, 150, 13, 1),
(10748, 150, 14, 2),
(10749, 150, 15, 1),
(10750, 150, 16, 2),
(10751, 150, 17, 1),
(10752, 150, 18, 2),
(10753, 150, 19, 1),
(10754, 150, 20, 2),
(10755, 150, 21, 1),
(10756, 150, 22, 1),
(10757, 150, 23, 2),
(10758, 150, 24, 2),
(10759, 150, 25, 2),
(10760, 150, 27, 2),
(10761, 150, 28, 1),
(10762, 150, 29, 2),
(10763, 150, 30, 2),
(10764, 150, 31, 1),
(10765, 150, 32, 1),
(10766, 150, 33, 1),
(10767, 151, 1, 1),
(10768, 151, 2, 1),
(10769, 151, 3, 1),
(10770, 151, 4, 1),
(10771, 151, 5, 1),
(10772, 151, 6, 1),
(10773, 151, 7, 2),
(10774, 151, 8, 1),
(10775, 151, 9, 1),
(10776, 151, 10, 2),
(10777, 151, 11, 2),
(10778, 151, 12, 1),
(10779, 151, 13, 1),
(10780, 151, 14, 2),
(10781, 151, 15, 1),
(10782, 151, 16, 2),
(10783, 151, 17, 1),
(10784, 151, 18, 2),
(10785, 151, 19, 1),
(10786, 151, 20, 2),
(10787, 151, 21, 1),
(10788, 151, 22, 1),
(10789, 151, 23, 2),
(10790, 151, 24, 2),
(10791, 151, 25, 2),
(10792, 151, 26, 2),
(10793, 151, 27, 2),
(10794, 151, 28, 1),
(10795, 151, 29, 2),
(10796, 151, 30, 2),
(10797, 151, 31, 1),
(10798, 151, 32, 1),
(10799, 151, 33, 1),
(10800, 152, 1, 1),
(10801, 152, 2, 1),
(10802, 152, 3, 1),
(10803, 152, 4, 1),
(10804, 152, 5, 1),
(10805, 152, 6, 1),
(10806, 152, 7, 2),
(10807, 152, 8, 1),
(10808, 152, 9, 1),
(10809, 152, 10, 2),
(10810, 152, 11, 2),
(10811, 152, 12, 1),
(10812, 152, 13, 1),
(10813, 152, 14, 2),
(10814, 152, 15, 1),
(10815, 152, 16, 2),
(10816, 152, 17, 1),
(10817, 152, 18, 2),
(10818, 152, 19, 1),
(10819, 152, 20, 2),
(10820, 152, 21, 1),
(10821, 152, 22, 1),
(10822, 152, 23, 2),
(10823, 152, 24, 2),
(10824, 152, 25, 2),
(10825, 152, 26, 2),
(10826, 152, 27, 2),
(10827, 152, 28, 1),
(10828, 152, 29, 2),
(10829, 152, 30, 2),
(10830, 152, 31, 1),
(10831, 152, 32, 1),
(10832, 152, 33, 1),
(10903, 80, 1, 2),
(10904, 80, 2, 2),
(10905, 80, 3, 2),
(10906, 80, 4, 1),
(10907, 80, 5, 2),
(10908, 80, 6, 1),
(10909, 80, 7, 2),
(10910, 80, 8, 1),
(10911, 80, 9, 1),
(10912, 80, 10, 1),
(10913, 80, 11, 1),
(10914, 80, 12, 2),
(10915, 80, 13, 1),
(10916, 80, 14, 1),
(10917, 80, 15, 1),
(10918, 80, 16, 1),
(10919, 80, 17, 2),
(10920, 80, 18, 2),
(10921, 80, 19, 1),
(10922, 80, 20, 1),
(10923, 80, 21, 2),
(10924, 80, 22, 1),
(10925, 80, 24, 1),
(10926, 80, 25, 1),
(10927, 80, 26, 1),
(10928, 80, 27, 2),
(10929, 80, 28, 2),
(10930, 80, 29, 2),
(10931, 80, 30, 2),
(10932, 80, 31, 1),
(10933, 80, 32, 1),
(10934, 80, 33, 2),
(10935, 80, 0, 1),
(10936, 80, 0, 2),
(10937, 80, 0, 2),
(10938, 153, 1, 2),
(10939, 153, 2, 1),
(10940, 153, 3, 2),
(10941, 153, 4, 1),
(10942, 153, 5, 2),
(10943, 153, 6, 1),
(10944, 153, 7, 2),
(10945, 153, 8, 1),
(10946, 153, 9, 2),
(10947, 153, 10, 1),
(10948, 153, 11, 1),
(10949, 153, 12, 2),
(10950, 153, 13, 2),
(10951, 153, 14, 1),
(10952, 153, 15, 1),
(10953, 153, 16, 2),
(10954, 153, 17, 2),
(10955, 153, 18, 2),
(10956, 153, 19, 1),
(10957, 153, 20, 1),
(10958, 153, 21, 1),
(10959, 153, 22, 1),
(10960, 153, 23, 1),
(10961, 153, 24, 2),
(10962, 153, 25, 2),
(10963, 153, 26, 1),
(10964, 153, 27, 2),
(10965, 153, 28, 1),
(10966, 153, 29, 1),
(10967, 153, 30, 2),
(10968, 153, 31, 1),
(10969, 153, 32, 1),
(10970, 153, 33, 2),
(10971, 153, 0, 2),
(10972, 153, 0, 2),
(10973, 153, 0, 2),
(10974, 153, 0, 1),
(10975, 153, 0, 2),
(10976, 153, 0, 1),
(10977, 153, 0, 2),
(10978, 153, 0, 1),
(10979, 153, 0, 1),
(10980, 153, 0, 1),
(10981, 153, 0, 1),
(10982, 153, 0, 2),
(10983, 153, 0, 1),
(10984, 153, 0, 1),
(10985, 153, 0, 1),
(10986, 153, 0, 1),
(10987, 153, 0, 2),
(10988, 153, 0, 2),
(10989, 153, 0, 1),
(10990, 153, 0, 1),
(10991, 153, 0, 2),
(10992, 153, 0, 1),
(10993, 153, 0, 1),
(10994, 153, 0, 1),
(10995, 153, 0, 1),
(10996, 153, 0, 2),
(10997, 153, 0, 2),
(10998, 153, 0, 2),
(10999, 153, 0, 2),
(11000, 153, 0, 1),
(11001, 153, 0, 1),
(11002, 153, 0, 2),
(11003, 153, 0, 1),
(11004, 153, 0, 2),
(11005, 153, 0, 2),
(11144, 155, 1, 1),
(11145, 155, 2, 1),
(11146, 155, 3, 1),
(11147, 155, 4, 1),
(11148, 155, 5, 2),
(11149, 155, 6, 1),
(11150, 155, 7, 1),
(11151, 155, 8, 2),
(11152, 155, 9, 1),
(11153, 155, 10, 2),
(11154, 155, 11, 2),
(11155, 155, 12, 1),
(11156, 155, 13, 2),
(11157, 155, 14, 1),
(11158, 155, 15, 1),
(11159, 155, 16, 2),
(11160, 155, 17, 2),
(11161, 155, 18, 2),
(11162, 155, 19, 1),
(11163, 155, 20, 2),
(11164, 155, 21, 2),
(11165, 155, 22, 1),
(11166, 155, 23, 2),
(11167, 155, 24, 2),
(11168, 155, 25, 2),
(11169, 155, 26, 2),
(11170, 155, 27, 2),
(11171, 155, 28, 1),
(11172, 155, 29, 2),
(11173, 155, 30, 2),
(11174, 155, 31, 1),
(11175, 155, 32, 1),
(11176, 155, 33, 2),
(11177, 155, 0, 1),
(11178, 155, 0, 1),
(11179, 155, 0, 1),
(11180, 155, 0, 2),
(11181, 155, 0, 2),
(11182, 155, 0, 2),
(11183, 155, 0, 2),
(11184, 155, 0, 2),
(11185, 155, 0, 2),
(11186, 155, 0, 2),
(11187, 155, 0, 2),
(11188, 155, 0, 1),
(11189, 155, 0, 2),
(11190, 155, 0, 2),
(11191, 155, 0, 1),
(11192, 155, 0, 1),
(11193, 155, 0, 1),
(11194, 155, 0, 2),
(11195, 155, 0, 1),
(11196, 155, 0, 2),
(11197, 155, 0, 2),
(11198, 155, 0, 1),
(11199, 155, 0, 2),
(11200, 155, 0, 2),
(11201, 155, 0, 2),
(11202, 155, 0, 2),
(11203, 155, 0, 2),
(11204, 155, 0, 1),
(11205, 155, 0, 1),
(11206, 155, 0, 2),
(11207, 155, 0, 1),
(11208, 155, 0, 1),
(11209, 155, 0, 1),
(11210, 155, 0, 1),
(11211, 155, 0, 2),
(11212, 155, 0, 2),
(11213, 156, 1, 1),
(11214, 156, 2, 1),
(11215, 156, 3, 1),
(11216, 156, 4, 1),
(11217, 156, 5, 2),
(11218, 156, 6, 1),
(11219, 156, 7, 2),
(11220, 156, 8, 1),
(11221, 156, 9, 1),
(11222, 156, 10, 2),
(11223, 156, 11, 2),
(11224, 156, 12, 1),
(11225, 156, 13, 2),
(11226, 156, 14, 1),
(11227, 156, 15, 1),
(11228, 156, 16, 2),
(11229, 156, 17, 2),
(11230, 156, 18, 2),
(11231, 156, 19, 1),
(11232, 156, 20, 2),
(11233, 156, 21, 2),
(11234, 156, 22, 1),
(11235, 156, 23, 2),
(11236, 156, 24, 2),
(11237, 156, 25, 2),
(11238, 156, 26, 2),
(11239, 156, 27, 2),
(11240, 156, 28, 1),
(11241, 156, 29, 2),
(11242, 156, 30, 2),
(11243, 156, 31, 1),
(11244, 156, 32, 1),
(11245, 156, 33, 2),
(11246, 157, 1, 1),
(11247, 157, 2, 1),
(11248, 157, 3, 1),
(11249, 157, 4, 1),
(11250, 157, 5, 2),
(11251, 157, 6, 1),
(11252, 157, 7, 2),
(11253, 157, 8, 1),
(11254, 157, 9, 1),
(11255, 157, 10, 2),
(11256, 157, 11, 2),
(11257, 157, 12, 1),
(11258, 157, 13, 2),
(11259, 157, 14, 1),
(11260, 157, 15, 1),
(11261, 157, 16, 2),
(11262, 157, 17, 2),
(11263, 157, 18, 2),
(11264, 157, 19, 1),
(11265, 157, 20, 2),
(11266, 157, 21, 2),
(11267, 157, 22, 1),
(11268, 157, 23, 2),
(11269, 157, 24, 2),
(11270, 157, 25, 2),
(11271, 157, 26, 2),
(11272, 157, 27, 2),
(11273, 157, 28, 1),
(11274, 157, 29, 2),
(11275, 157, 30, 2),
(11276, 157, 31, 1),
(11277, 157, 32, 1),
(11278, 157, 33, 2),
(11279, 158, 1, 1),
(11280, 158, 2, 1),
(11281, 158, 3, 1),
(11282, 158, 4, 1),
(11283, 158, 5, 2),
(11284, 158, 6, 1),
(11285, 158, 7, 2),
(11286, 158, 8, 1),
(11287, 158, 9, 1),
(11288, 158, 10, 2),
(11289, 158, 11, 2),
(11290, 158, 12, 1),
(11291, 158, 13, 2),
(11292, 158, 14, 1),
(11293, 158, 15, 1),
(11294, 158, 16, 2),
(11295, 158, 17, 2),
(11296, 158, 18, 2),
(11297, 158, 19, 1),
(11298, 158, 20, 2),
(11299, 158, 21, 2),
(11300, 158, 22, 1),
(11301, 158, 23, 2),
(11302, 158, 24, 2),
(11303, 158, 25, 2),
(11304, 158, 26, 2),
(11305, 158, 27, 2),
(11306, 158, 28, 1),
(11307, 158, 29, 2),
(11308, 158, 30, 2),
(11309, 158, 31, 1),
(11310, 158, 32, 1),
(11311, 158, 33, 2),
(11312, 159, 1, 1),
(11313, 159, 2, 1),
(11314, 159, 3, 1),
(11315, 159, 4, 1),
(11316, 159, 5, 2),
(11317, 159, 6, 1),
(11318, 159, 7, 2),
(11319, 159, 8, 1),
(11320, 159, 9, 1),
(11321, 159, 10, 2),
(11322, 159, 11, 2),
(11323, 159, 12, 1),
(11324, 159, 13, 2),
(11325, 159, 14, 1),
(11326, 159, 15, 1),
(11327, 159, 16, 2),
(11328, 159, 17, 2),
(11329, 159, 18, 2),
(11330, 159, 19, 1),
(11331, 159, 20, 2),
(11332, 159, 21, 2),
(11333, 159, 22, 1),
(11334, 159, 23, 2),
(11335, 159, 24, 2),
(11336, 159, 25, 2),
(11337, 159, 26, 2),
(11338, 159, 27, 2),
(11339, 159, 28, 1),
(11340, 159, 29, 1),
(11341, 159, 30, 2),
(11342, 159, 31, 1),
(11343, 159, 32, 1),
(11344, 159, 33, 1),
(11345, 160, 1, 1),
(11346, 160, 2, 1),
(11347, 160, 3, 1),
(11348, 160, 4, 1),
(11349, 160, 5, 2),
(11350, 160, 6, 1),
(11351, 160, 7, 2),
(11352, 160, 8, 1),
(11353, 160, 9, 1),
(11354, 160, 10, 2),
(11355, 160, 11, 2),
(11356, 160, 12, 1),
(11357, 160, 13, 2),
(11358, 160, 14, 1),
(11359, 160, 15, 1),
(11360, 160, 16, 2),
(11361, 160, 17, 2),
(11362, 160, 18, 2),
(11363, 160, 19, 1),
(11364, 160, 20, 2),
(11365, 160, 21, 2),
(11366, 160, 22, 1),
(11367, 160, 23, 2),
(11368, 160, 24, 2),
(11369, 160, 25, 2),
(11370, 160, 26, 2),
(11371, 160, 27, 2),
(11372, 160, 28, 2),
(11373, 160, 29, 2),
(11374, 160, 30, 2),
(11375, 160, 31, 1),
(11376, 160, 32, 1),
(11377, 160, 33, 2),
(11414, 55, 1, 1),
(11415, 55, 2, 1),
(11416, 55, 3, 1),
(11417, 55, 4, 1),
(11418, 55, 5, 1),
(11419, 55, 6, 1),
(11420, 55, 7, 1),
(11421, 55, 8, 1),
(11422, 55, 9, 1),
(11423, 55, 10, 2),
(11424, 55, 11, 2),
(11425, 55, 12, 1),
(11426, 55, 13, 1),
(11427, 55, 14, 2),
(11428, 55, 15, 1),
(11429, 55, 16, 2),
(11430, 55, 17, 1),
(11431, 55, 18, 2),
(11432, 55, 19, 1),
(11433, 55, 20, 2),
(11434, 55, 21, 1),
(11435, 55, 22, 1),
(11436, 55, 23, 2),
(11437, 55, 24, 2),
(11438, 55, 25, 2),
(11439, 55, 26, 2),
(11440, 55, 27, 2),
(11441, 55, 28, 1),
(11442, 55, 29, 2),
(11443, 55, 30, 2),
(11444, 55, 31, 1),
(11445, 55, 32, 1),
(11446, 55, 33, 1),
(11447, 55, 0, 1),
(11448, 55, 0, 2),
(11449, 55, 0, 2),
(11486, 154, 1, 1),
(11487, 154, 2, 1),
(11488, 154, 3, 1),
(11489, 154, 4, 1),
(11490, 154, 5, 2),
(11491, 154, 6, 2),
(11492, 154, 7, 2),
(11493, 154, 8, 1),
(11494, 154, 9, 2),
(11495, 154, 10, 1),
(11496, 154, 11, 1),
(11497, 154, 12, 2),
(11498, 154, 13, 2),
(11499, 154, 14, 1),
(11500, 154, 15, 1),
(11501, 154, 16, 2),
(11502, 154, 17, 2),
(11503, 154, 18, 2),
(11504, 154, 19, 1),
(11505, 154, 20, 2),
(11506, 154, 21, 2),
(11507, 154, 22, 1),
(11508, 154, 23, 1),
(11509, 154, 24, 2),
(11510, 154, 25, 2),
(11511, 154, 26, 1),
(11512, 154, 27, 2),
(11513, 154, 28, 1),
(11514, 154, 29, 2),
(11515, 154, 30, 2),
(11516, 154, 31, 1),
(11517, 154, 32, 1),
(11518, 154, 33, 2),
(11519, 154, 0, 1),
(11520, 154, 0, 2),
(11521, 154, 0, 2),
(11594, 99, 1, 1),
(11595, 99, 2, 1),
(11596, 99, 3, 1),
(11597, 99, 4, 1),
(11598, 99, 5, 2),
(11599, 99, 6, 2),
(11600, 99, 7, 2),
(11601, 99, 8, 1),
(11602, 99, 9, 2),
(11603, 99, 10, 1),
(11604, 99, 11, 1),
(11605, 99, 12, 2),
(11606, 99, 13, 2),
(11607, 99, 14, 1),
(11608, 99, 15, 1),
(11609, 99, 16, 2),
(11610, 99, 17, 2),
(11611, 99, 18, 2),
(11612, 99, 19, 1),
(11613, 99, 20, 2),
(11614, 99, 21, 2),
(11615, 99, 22, 1),
(11616, 99, 23, 1),
(11617, 99, 24, 2),
(11618, 99, 25, 2),
(11619, 99, 26, 1),
(11620, 99, 27, 2),
(11621, 99, 28, 2),
(11622, 99, 29, 2),
(11623, 99, 30, 2),
(11624, 99, 31, 1),
(11625, 99, 32, 1),
(11626, 99, 33, 2),
(11627, 99, 0, 1),
(11628, 99, 0, 2),
(11629, 99, 0, 2),
(11666, 69, 1, 1),
(11667, 69, 2, 1),
(11668, 69, 3, 1),
(11669, 69, 4, 2),
(11670, 69, 5, 2),
(11671, 69, 6, 2),
(11672, 69, 7, 2),
(11673, 69, 8, 2),
(11674, 69, 9, 2),
(11675, 69, 10, 1),
(11676, 69, 11, 1),
(11677, 69, 12, 2),
(11678, 69, 13, 2),
(11679, 69, 14, 1),
(11680, 69, 15, 1),
(11681, 69, 16, 2),
(11682, 69, 17, 2),
(11683, 69, 18, 2),
(11684, 69, 19, 1),
(11685, 69, 20, 2),
(11686, 69, 21, 2),
(11687, 69, 22, 1),
(11688, 69, 23, 1),
(11689, 69, 24, 2),
(11690, 69, 25, 2),
(11691, 69, 26, 1),
(11692, 69, 27, 2),
(11693, 69, 28, 2),
(11694, 69, 29, 2),
(11695, 69, 30, 2),
(11696, 69, 31, 1),
(11697, 69, 32, 1),
(11698, 69, 33, 2),
(11699, 69, 0, 1),
(11700, 69, 0, 1),
(11701, 69, 0, 1),
(11738, 7, 1, 1),
(11739, 7, 2, 1),
(11740, 7, 3, 1),
(11741, 7, 4, 1),
(11742, 7, 5, 1),
(11743, 7, 6, 1),
(11744, 7, 7, 2),
(11745, 7, 8, 1),
(11746, 7, 9, 1),
(11747, 7, 10, 2),
(11748, 7, 11, 2),
(11749, 7, 12, 1),
(11750, 7, 13, 1),
(11751, 7, 14, 2),
(11752, 7, 15, 1),
(11753, 7, 16, 2),
(11754, 7, 17, 2),
(11755, 7, 18, 2),
(11756, 7, 19, 1),
(11757, 7, 20, 2),
(11758, 7, 21, 2),
(11759, 7, 22, 1),
(11760, 7, 23, 2),
(11761, 7, 24, 2),
(11762, 7, 25, 2),
(11763, 7, 26, 2),
(11764, 7, 27, 2),
(11765, 7, 28, 1),
(11766, 7, 29, 1),
(11767, 7, 30, 2),
(11768, 7, 31, 1),
(11769, 7, 32, 1),
(11770, 7, 33, 1),
(11771, 7, 0, 1),
(11772, 7, 0, 2),
(11773, 7, 0, 1),
(11774, 51, 1, 1),
(11775, 51, 2, 1),
(11776, 51, 3, 1),
(11777, 51, 4, 1),
(11778, 51, 5, 1),
(11779, 51, 6, 1),
(11780, 51, 7, 2),
(11781, 51, 8, 2),
(11782, 51, 9, 1),
(11783, 51, 10, 2),
(11784, 51, 11, 2),
(11785, 51, 12, 1),
(11786, 51, 13, 1),
(11787, 51, 14, 2),
(11788, 51, 15, 1),
(11789, 51, 16, 2),
(11790, 51, 17, 1),
(11791, 51, 18, 2),
(11792, 51, 19, 1),
(11793, 51, 20, 2),
(11794, 51, 21, 1),
(11795, 51, 22, 1),
(11796, 51, 23, 2),
(11797, 51, 24, 2),
(11798, 51, 25, 2),
(11799, 51, 26, 2),
(11800, 51, 27, 2),
(11801, 51, 28, 1),
(11802, 51, 29, 2),
(11803, 51, 30, 2),
(11804, 51, 31, 1),
(11805, 51, 32, 1),
(11806, 51, 33, 1),
(11807, 51, 0, 1),
(11808, 51, 0, 2),
(11809, 51, 0, 2),
(11810, 62, 1, 2),
(11811, 62, 2, 2),
(11812, 62, 3, 2),
(11813, 62, 4, 1),
(11814, 62, 5, 1),
(11815, 62, 6, 1),
(11816, 62, 7, 2),
(11817, 62, 8, 2),
(11818, 62, 9, 1),
(11819, 62, 10, 1),
(11820, 62, 11, 1),
(11821, 62, 12, 1),
(11822, 62, 13, 2),
(11823, 62, 14, 2),
(11824, 62, 15, 1),
(11825, 62, 16, 2),
(11826, 62, 17, 1),
(11827, 62, 18, 2),
(11828, 62, 19, 1),
(11829, 62, 20, 2),
(11830, 62, 21, 1),
(11831, 62, 22, 1),
(11832, 62, 23, 1),
(11833, 62, 24, 2),
(11834, 62, 25, 2),
(11835, 62, 26, 2),
(11836, 62, 27, 2),
(11837, 62, 28, 1),
(11838, 62, 29, 2),
(11839, 62, 30, 2),
(11840, 62, 31, 1),
(11841, 62, 32, 1),
(11842, 62, 33, 1),
(11843, 62, 0, 1),
(11844, 62, 0, 2),
(11845, 62, 0, 2),
(11882, 3, 1, 1),
(11883, 3, 2, 2),
(11884, 3, 3, 1),
(11885, 3, 4, 1),
(11886, 3, 5, 2),
(11887, 3, 6, 1),
(11888, 3, 7, 2),
(11889, 3, 8, 1),
(11890, 3, 9, 1),
(11891, 3, 10, 2),
(11892, 3, 11, 2),
(11893, 3, 12, 1),
(11894, 3, 13, 2),
(11895, 3, 14, 1),
(11896, 3, 15, 1),
(11897, 3, 16, 2),
(11898, 3, 17, 2),
(11899, 3, 18, 2),
(11900, 3, 19, 1),
(11901, 3, 20, 2),
(11902, 3, 21, 1),
(11903, 3, 22, 1),
(11904, 3, 23, 2),
(11905, 3, 24, 2),
(11906, 3, 25, 2),
(11907, 3, 26, 2),
(11908, 3, 27, 1),
(11909, 3, 28, 1),
(11910, 3, 29, 1),
(11911, 3, 30, 2),
(11912, 3, 31, 1),
(11913, 3, 32, 1),
(11914, 3, 33, 1),
(11915, 3, 0, 1),
(11916, 3, 0, 2),
(11917, 3, 0, 2),
(11954, 23, 1, 1),
(11955, 23, 2, 1),
(11956, 23, 3, 1),
(11957, 23, 4, 1),
(11958, 23, 5, 2),
(11959, 23, 6, 1),
(11960, 23, 7, 2),
(11961, 23, 8, 1),
(11962, 23, 9, 1),
(11963, 23, 10, 2),
(11964, 23, 11, 2),
(11965, 23, 12, 2),
(11966, 23, 13, 2),
(11967, 23, 14, 1),
(11968, 23, 15, 1),
(11969, 23, 16, 2),
(11970, 23, 17, 2),
(11971, 23, 18, 2),
(11972, 23, 19, 1),
(11973, 23, 20, 2),
(11974, 23, 21, 2),
(11975, 23, 22, 1),
(11976, 23, 23, 2),
(11977, 23, 24, 2),
(11978, 23, 25, 2),
(11979, 23, 26, 2),
(11980, 23, 27, 2),
(11981, 23, 28, 2),
(11982, 23, 29, 2),
(11983, 23, 30, 2),
(11984, 23, 31, 1),
(11985, 23, 32, 1),
(11986, 23, 33, 2),
(11987, 23, 0, 1),
(11988, 23, 0, 2),
(11989, 23, 0, 2),
(12062, 22, 1, 2),
(12063, 22, 2, 1),
(12064, 22, 3, 2),
(12065, 22, 4, 2),
(12066, 22, 5, 2),
(12067, 22, 6, 2),
(12068, 22, 7, 2),
(12069, 22, 8, 2),
(12070, 22, 9, 2),
(12071, 22, 10, 1),
(12072, 22, 11, 1),
(12073, 22, 12, 2),
(12074, 22, 13, 2),
(12075, 22, 14, 2),
(12076, 22, 15, 1),
(12077, 22, 16, 2),
(12078, 22, 17, 2),
(12079, 22, 18, 2),
(12080, 22, 19, 1),
(12081, 22, 20, 2),
(12082, 22, 21, 2),
(12083, 22, 22, 1),
(12084, 22, 23, 1),
(12085, 22, 24, 2),
(12086, 22, 25, 1),
(12087, 22, 26, 1),
(12088, 22, 27, 2),
(12089, 22, 28, 2),
(12090, 22, 29, 2),
(12091, 22, 30, 2),
(12092, 22, 31, 1),
(12093, 22, 32, 1),
(12094, 22, 33, 2),
(12095, 22, 0, 1),
(12096, 22, 0, 2),
(12097, 22, 0, 2),
(12098, 71, 1, 1),
(12099, 71, 2, 1),
(12100, 71, 3, 1),
(12101, 71, 4, 2),
(12102, 71, 5, 2),
(12103, 71, 6, 2),
(12104, 71, 7, 2),
(12105, 71, 8, 2),
(12106, 71, 9, 2),
(12107, 71, 10, 2),
(12108, 71, 11, 2),
(12109, 71, 12, 1),
(12110, 71, 13, 2),
(12111, 71, 14, 2),
(12112, 71, 15, 1),
(12113, 71, 16, 1),
(12114, 71, 17, 1),
(12115, 71, 18, 2),
(12116, 71, 19, 1),
(12117, 71, 20, 2),
(12118, 71, 21, 2),
(12119, 71, 22, 1),
(12120, 71, 23, 2),
(12121, 71, 24, 2),
(12122, 71, 25, 2),
(12123, 71, 26, 2),
(12124, 71, 27, 2),
(12125, 71, 28, 1),
(12126, 71, 29, 1),
(12127, 71, 30, 2),
(12128, 71, 31, 1),
(12129, 71, 32, 1),
(12130, 71, 33, 1),
(12131, 71, 0, 1),
(12132, 71, 0, 2),
(12133, 71, 0, 2),
(12170, 26, 1, 1),
(12171, 26, 2, 1),
(12172, 26, 3, 1),
(12173, 26, 4, 1),
(12174, 26, 5, 1),
(12175, 26, 6, 1),
(12176, 26, 7, 2),
(12177, 26, 8, 1),
(12178, 26, 9, 2),
(12179, 26, 10, 2),
(12180, 26, 11, 2),
(12181, 26, 12, 1),
(12182, 26, 13, 1),
(12183, 26, 14, 2),
(12184, 26, 15, 1),
(12185, 26, 16, 1),
(12186, 26, 17, 1),
(12187, 26, 18, 2),
(12188, 26, 19, 1),
(12189, 26, 20, 2),
(12190, 26, 21, 2),
(12191, 26, 22, 1),
(12192, 26, 23, 2),
(12193, 26, 24, 2),
(12194, 26, 25, 2),
(12195, 26, 26, 2),
(12196, 26, 27, 2),
(12197, 26, 28, 2),
(12198, 26, 29, 2),
(12199, 26, 30, 2),
(12200, 26, 31, 1),
(12201, 26, 32, 1),
(12202, 26, 33, 1),
(12203, 26, 0, 1),
(12204, 26, 0, 2),
(12205, 26, 0, 2),
(12242, 29, 1, 2),
(12243, 29, 2, 1),
(12244, 29, 3, 2),
(12245, 29, 4, 1),
(12246, 29, 5, 1),
(12247, 29, 6, 1),
(12248, 29, 7, 2),
(12249, 29, 8, 1),
(12250, 29, 9, 2),
(12251, 29, 10, 2),
(12252, 29, 11, 2),
(12253, 29, 12, 1),
(12254, 29, 13, 1),
(12255, 29, 14, 2),
(12256, 29, 15, 1),
(12257, 29, 16, 1),
(12258, 29, 17, 1),
(12259, 29, 18, 2),
(12260, 29, 19, 1),
(12261, 29, 20, 2),
(12262, 29, 21, 2),
(12263, 29, 22, 1),
(12264, 29, 23, 2),
(12265, 29, 24, 2),
(12266, 29, 25, 2),
(12267, 29, 26, 2),
(12268, 29, 27, 2),
(12269, 29, 28, 2),
(12270, 29, 29, 2),
(12271, 29, 30, 2),
(12272, 29, 31, 1),
(12273, 29, 32, 1),
(12274, 29, 33, 1),
(12275, 29, 0, 1),
(12276, 29, 0, 2),
(12277, 29, 0, 2),
(12314, 72, 1, 2),
(12315, 72, 2, 1),
(12316, 72, 3, 2),
(12317, 72, 4, 1),
(12318, 72, 5, 1),
(12319, 72, 6, 1),
(12320, 72, 7, 2),
(12321, 72, 8, 1),
(12322, 72, 9, 2),
(12323, 72, 10, 2),
(12324, 72, 11, 2),
(12325, 72, 12, 1),
(12326, 72, 13, 1),
(12327, 72, 14, 2),
(12328, 72, 15, 1),
(12329, 72, 16, 1),
(12330, 72, 17, 1),
(12331, 72, 18, 2),
(12332, 72, 19, 1),
(12333, 72, 20, 2),
(12334, 72, 21, 2),
(12335, 72, 22, 1),
(12336, 72, 23, 2),
(12337, 72, 24, 2),
(12338, 72, 25, 2),
(12339, 72, 26, 1),
(12340, 72, 27, 2),
(12341, 72, 28, 2),
(12342, 72, 29, 2),
(12343, 72, 30, 2),
(12344, 72, 31, 1),
(12345, 72, 32, 1),
(12346, 72, 33, 1),
(12347, 72, 0, 1),
(12348, 72, 0, 2),
(12349, 72, 0, 2),
(12386, 25, 1, 1),
(12387, 25, 2, 1),
(12388, 25, 3, 1),
(12389, 25, 4, 1),
(12390, 25, 5, 1),
(12391, 25, 6, 1),
(12392, 25, 7, 2),
(12393, 25, 8, 1),
(12394, 25, 9, 1),
(12395, 25, 10, 2),
(12396, 25, 11, 2),
(12397, 25, 12, 1),
(12398, 25, 13, 1),
(12399, 25, 14, 1),
(12400, 25, 15, 1),
(12401, 25, 16, 1),
(12402, 25, 17, 1),
(12403, 25, 18, 2),
(12404, 25, 19, 1),
(12405, 25, 20, 2),
(12406, 25, 21, 2),
(12407, 25, 22, 1),
(12408, 25, 23, 2),
(12409, 25, 24, 2),
(12410, 25, 25, 2),
(12411, 25, 26, 1),
(12412, 25, 27, 2),
(12413, 25, 28, 2),
(12414, 25, 29, 2),
(12415, 25, 30, 2),
(12416, 25, 31, 1),
(12417, 25, 32, 1),
(12418, 25, 33, 2),
(12419, 25, 0, 1),
(12420, 25, 0, 2),
(12421, 25, 0, 2),
(12638, 161, 1, 1),
(12639, 161, 2, 1),
(12640, 161, 3, 1),
(12641, 161, 4, 1),
(12642, 161, 5, 1),
(12643, 161, 6, 1),
(12644, 161, 7, 2),
(12645, 161, 8, 1),
(12646, 161, 9, 1),
(12647, 161, 10, 2),
(12648, 161, 11, 2),
(12649, 161, 12, 1),
(12650, 161, 13, 1),
(12651, 161, 14, 2),
(12652, 161, 15, 1),
(12653, 161, 16, 2),
(12654, 161, 17, 1),
(12655, 161, 18, 2),
(12656, 161, 19, 1),
(12657, 161, 20, 2),
(12658, 161, 21, 1),
(12659, 161, 22, 1),
(12660, 161, 23, 2),
(12661, 161, 24, 2),
(12662, 161, 25, 2),
(12663, 161, 26, 2),
(12664, 161, 27, 2),
(12665, 161, 28, 1),
(12666, 161, 29, 2),
(12667, 161, 31, 1),
(12668, 161, 32, 1),
(12669, 161, 33, 1),
(12670, 161, 0, 1),
(12671, 161, 0, 1),
(12672, 161, 0, 1),
(12673, 161, 0, 1),
(12674, 161, 0, 1),
(12675, 161, 0, 1),
(12676, 161, 0, 2),
(12677, 161, 0, 1),
(12678, 161, 0, 1),
(12679, 161, 0, 2),
(12680, 161, 0, 2),
(12681, 161, 0, 1),
(12682, 161, 0, 1),
(12683, 161, 0, 1),
(12684, 161, 0, 1),
(12685, 161, 0, 1),
(12686, 161, 0, 1),
(12687, 161, 0, 2),
(12688, 161, 0, 1),
(12689, 161, 0, 2),
(12690, 161, 0, 2),
(12691, 161, 0, 1),
(12692, 161, 0, 2),
(12693, 161, 0, 2),
(12694, 161, 0, 2),
(12695, 161, 0, 1),
(12696, 161, 0, 2),
(12697, 161, 0, 2),
(12698, 161, 0, 2),
(12699, 161, 0, 2),
(12700, 161, 0, 1),
(12701, 161, 0, 1),
(12702, 161, 0, 2),
(12703, 161, 0, 1),
(12704, 161, 0, 2),
(12705, 161, 0, 2),
(12706, 162, 1, 2),
(12707, 162, 2, 1),
(12708, 162, 3, 2),
(12709, 162, 4, 2),
(12710, 162, 5, 2),
(12711, 162, 6, 2),
(12712, 162, 7, 2),
(12713, 162, 8, 2),
(12714, 162, 9, 2),
(12715, 162, 10, 1),
(12716, 162, 11, 1),
(12717, 162, 12, 2),
(12718, 162, 13, 2),
(12719, 162, 14, 1),
(12720, 162, 15, 1),
(12721, 162, 16, 1),
(12722, 162, 17, 1),
(12723, 162, 18, 2),
(12724, 162, 19, 1),
(12725, 162, 20, 2),
(12726, 162, 21, 1),
(12727, 162, 22, 1),
(12728, 162, 23, 1),
(12729, 162, 24, 2),
(12730, 162, 25, 1),
(12731, 162, 26, 1),
(12732, 162, 27, 1),
(12733, 162, 28, 2),
(12734, 162, 29, 2),
(12735, 162, 30, 2),
(12736, 162, 31, 1),
(12737, 162, 32, 1),
(12738, 162, 33, 1),
(12775, 74, 1, 1),
(12776, 74, 2, 1),
(12777, 74, 3, 1),
(12778, 74, 4, 2),
(12779, 74, 5, 2),
(12780, 74, 6, 2),
(12781, 74, 7, 2),
(12782, 74, 8, 2),
(12783, 74, 9, 2),
(12784, 74, 10, 2),
(12785, 74, 11, 2),
(12786, 74, 12, 1),
(12787, 74, 13, 2),
(12788, 74, 14, 2),
(12789, 74, 15, 1),
(12790, 74, 16, 1),
(12791, 74, 17, 1),
(12792, 74, 18, 2),
(12793, 74, 19, 1),
(12794, 74, 20, 2),
(12795, 74, 21, 2),
(12796, 74, 22, 1),
(12797, 74, 23, 2),
(12798, 74, 24, 2),
(12799, 74, 25, 2),
(12800, 74, 26, 2),
(12801, 74, 27, 2),
(12802, 74, 28, 1),
(12803, 74, 29, 1),
(12804, 74, 30, 2),
(12805, 74, 31, 1),
(12806, 74, 32, 1),
(12807, 74, 33, 1),
(12808, 74, 0, 1),
(12809, 74, 0, 2),
(12810, 74, 0, 2),
(12847, 122, 1, 1),
(12848, 122, 2, 1),
(12849, 122, 3, 1),
(12850, 122, 4, 2),
(12851, 122, 5, 2),
(12852, 122, 6, 2),
(12853, 122, 7, 2),
(12854, 122, 8, 2),
(12855, 122, 9, 2),
(12856, 122, 10, 2),
(12857, 122, 11, 2),
(12858, 122, 12, 1),
(12859, 122, 13, 2),
(12860, 122, 14, 2),
(12861, 122, 15, 1),
(12862, 122, 16, 1),
(12863, 122, 17, 1),
(12864, 122, 18, 2),
(12865, 122, 19, 1),
(12866, 122, 20, 2),
(12867, 122, 21, 2),
(12868, 122, 22, 1),
(12869, 122, 23, 2),
(12870, 122, 24, 2),
(12871, 122, 25, 2),
(12872, 122, 26, 2),
(12873, 122, 27, 2),
(12874, 122, 28, 2),
(12875, 122, 29, 2),
(12876, 122, 30, 2),
(12877, 122, 31, 1),
(12878, 122, 32, 1),
(12879, 122, 33, 1),
(12880, 122, 0, 1),
(12881, 122, 0, 2),
(12882, 122, 0, 2),
(12955, 115, 1, 1),
(12956, 115, 2, 1),
(12957, 115, 3, 1),
(12958, 115, 4, 2),
(12959, 115, 5, 2),
(12960, 115, 6, 2),
(12961, 115, 7, 2),
(12962, 115, 8, 2),
(12963, 115, 9, 2),
(12964, 115, 10, 2),
(12965, 115, 11, 2),
(12966, 115, 12, 1),
(12967, 115, 13, 2),
(12968, 115, 14, 2),
(12969, 115, 15, 1),
(12970, 115, 16, 1),
(12971, 115, 17, 1),
(12972, 115, 18, 2),
(12973, 115, 19, 1),
(12974, 115, 20, 2),
(12975, 115, 21, 2),
(12976, 115, 22, 1),
(12977, 115, 23, 2),
(12978, 115, 24, 2),
(12979, 115, 25, 2),
(12980, 115, 26, 2),
(12981, 115, 27, 2),
(12982, 115, 28, 2),
(12983, 115, 29, 2),
(12984, 115, 30, 2),
(12985, 115, 31, 1),
(12986, 115, 32, 1),
(12987, 115, 33, 1),
(12988, 115, 0, 1),
(12989, 115, 0, 2),
(12990, 115, 0, 2),
(13099, 123, 1, 1),
(13100, 123, 2, 1),
(13101, 123, 3, 1),
(13102, 123, 4, 2),
(13103, 123, 5, 2),
(13104, 123, 6, 2),
(13105, 123, 7, 2),
(13106, 123, 8, 2),
(13107, 123, 9, 2),
(13108, 123, 10, 2),
(13109, 123, 11, 2),
(13110, 123, 12, 1),
(13111, 123, 13, 2),
(13112, 123, 14, 2),
(13113, 123, 15, 1),
(13114, 123, 16, 1),
(13115, 123, 17, 1),
(13116, 123, 18, 2),
(13117, 123, 19, 1),
(13118, 123, 20, 2),
(13119, 123, 21, 2),
(13120, 123, 22, 1),
(13121, 123, 23, 2),
(13122, 123, 24, 2),
(13123, 123, 25, 2),
(13124, 123, 26, 2),
(13125, 123, 27, 2),
(13126, 123, 28, 2),
(13127, 123, 29, 2),
(13128, 123, 30, 2),
(13129, 123, 31, 1),
(13130, 123, 32, 1),
(13131, 123, 33, 1),
(13132, 123, 0, 1),
(13133, 123, 0, 2),
(13134, 123, 0, 2),
(13171, 6, 1, 1),
(13172, 6, 2, 1),
(13173, 6, 3, 1),
(13174, 6, 4, 1),
(13175, 6, 5, 1),
(13176, 6, 6, 1),
(13177, 6, 7, 2),
(13178, 6, 8, 1),
(13179, 6, 9, 1),
(13180, 6, 10, 2),
(13181, 6, 11, 2),
(13182, 6, 12, 1),
(13183, 6, 13, 1),
(13184, 6, 14, 2),
(13185, 6, 15, 1),
(13186, 6, 16, 2),
(13187, 6, 17, 1),
(13188, 6, 18, 2),
(13189, 6, 19, 1),
(13190, 6, 20, 2),
(13191, 6, 21, 2),
(13192, 6, 22, 1),
(13193, 6, 23, 2),
(13194, 6, 24, 2),
(13195, 6, 25, 2),
(13196, 6, 26, 2),
(13197, 6, 27, 2),
(13198, 6, 28, 1),
(13199, 6, 29, 1),
(13200, 6, 30, 2),
(13201, 6, 31, 1),
(13202, 6, 32, 1),
(13203, 6, 33, 1),
(13204, 6, 0, 1),
(13205, 6, 0, 2),
(13206, 6, 0, 1),
(13315, 9, 1, 1),
(13316, 9, 2, 1),
(13317, 9, 3, 1),
(13318, 9, 4, 1),
(13319, 9, 5, 1),
(13320, 9, 6, 1),
(13321, 9, 7, 2),
(13322, 9, 8, 1),
(13323, 9, 9, 1),
(13324, 9, 10, 2),
(13325, 9, 11, 2),
(13326, 9, 12, 1),
(13327, 9, 13, 1),
(13328, 9, 14, 2),
(13329, 9, 15, 1),
(13330, 9, 16, 2),
(13331, 9, 17, 1),
(13332, 9, 18, 2),
(13333, 9, 19, 1),
(13334, 9, 20, 2),
(13335, 9, 21, 2),
(13336, 9, 22, 1),
(13337, 9, 23, 2),
(13338, 9, 24, 2),
(13339, 9, 25, 2),
(13340, 9, 26, 2),
(13341, 9, 27, 2),
(13342, 9, 28, 1),
(13343, 9, 29, 1),
(13344, 9, 30, 2),
(13345, 9, 31, 1),
(13346, 9, 32, 1),
(13347, 9, 33, 1),
(13348, 9, 0, 1),
(13349, 9, 0, 2),
(13350, 9, 0, 2),
(13387, 28, 1, 1),
(13388, 28, 2, 1),
(13389, 28, 3, 1),
(13390, 28, 4, 1),
(13391, 28, 5, 1),
(13392, 28, 6, 1),
(13393, 28, 7, 2),
(13394, 28, 8, 1),
(13395, 28, 9, 1),
(13396, 28, 10, 2),
(13397, 28, 11, 2),
(13398, 28, 12, 1),
(13399, 28, 13, 1),
(13400, 28, 14, 1),
(13401, 28, 15, 1),
(13402, 28, 16, 1),
(13403, 28, 17, 1),
(13404, 28, 18, 2),
(13405, 28, 19, 1),
(13406, 28, 20, 2),
(13407, 28, 21, 2),
(13408, 28, 22, 1),
(13409, 28, 23, 2),
(13410, 28, 24, 2),
(13411, 28, 25, 2),
(13412, 28, 26, 1),
(13413, 28, 27, 2),
(13414, 28, 28, 2),
(13415, 28, 29, 2),
(13416, 28, 30, 2),
(13417, 28, 31, 1),
(13418, 28, 32, 1),
(13419, 28, 33, 2),
(13420, 28, 0, 1),
(13421, 28, 0, 2),
(13422, 28, 0, 2),
(13567, 27, 1, 2),
(13568, 27, 2, 1),
(13569, 27, 3, 2),
(13570, 27, 4, 1),
(13571, 27, 5, 1),
(13572, 27, 6, 1),
(13573, 27, 7, 2),
(13574, 27, 8, 1),
(13575, 27, 9, 2),
(13576, 27, 10, 2),
(13577, 27, 11, 2),
(13578, 27, 12, 1),
(13579, 27, 13, 1),
(13580, 27, 14, 1),
(13581, 27, 15, 1),
(13582, 27, 16, 1),
(13583, 27, 17, 1),
(13584, 27, 18, 2),
(13585, 27, 19, 1),
(13586, 27, 20, 2),
(13587, 27, 21, 2),
(13588, 27, 22, 1),
(13589, 27, 23, 2),
(13590, 27, 24, 2),
(13591, 27, 25, 2),
(13592, 27, 26, 1),
(13593, 27, 27, 2),
(13594, 27, 28, 2),
(13595, 27, 29, 2),
(13596, 27, 30, 2),
(13597, 27, 31, 1),
(13598, 27, 32, 1),
(13599, 27, 33, 2),
(13600, 27, 0, 1),
(13601, 27, 0, 2),
(13602, 27, 0, 2),
(13675, 73, 1, 2),
(13676, 73, 2, 1),
(13677, 73, 3, 2),
(13678, 73, 4, 1),
(13679, 73, 5, 1),
(13680, 73, 6, 1),
(13681, 73, 7, 2),
(13682, 73, 8, 1),
(13683, 73, 9, 2),
(13684, 73, 10, 2),
(13685, 73, 11, 2),
(13686, 73, 12, 1),
(13687, 73, 13, 1),
(13688, 73, 14, 1),
(13689, 73, 15, 1),
(13690, 73, 16, 1),
(13691, 73, 17, 1),
(13692, 73, 18, 2),
(13693, 73, 19, 1),
(13694, 73, 20, 2),
(13695, 73, 21, 2),
(13696, 73, 22, 1),
(13697, 73, 23, 2),
(13698, 73, 24, 2),
(13699, 73, 25, 2),
(13700, 73, 26, 1),
(13701, 73, 27, 2),
(13702, 73, 28, 2),
(13703, 73, 29, 2),
(13704, 73, 30, 2),
(13705, 73, 31, 1),
(13706, 73, 32, 1),
(13707, 73, 33, 2),
(13708, 73, 0, 1),
(13709, 73, 0, 2),
(13710, 73, 0, 2),
(13783, 67, 1, 2),
(13784, 67, 2, 1),
(13785, 67, 3, 2),
(13786, 67, 4, 1),
(13787, 67, 5, 1),
(13788, 67, 6, 1),
(13789, 67, 7, 2),
(13790, 67, 8, 1),
(13791, 67, 9, 2),
(13792, 67, 10, 2),
(13793, 67, 11, 2),
(13794, 67, 12, 1),
(13795, 67, 13, 1),
(13796, 67, 14, 1),
(13797, 67, 15, 1),
(13798, 67, 16, 1),
(13799, 67, 17, 1),
(13800, 67, 18, 2),
(13801, 67, 19, 1),
(13802, 67, 20, 2),
(13803, 67, 21, 2),
(13804, 67, 22, 1),
(13805, 67, 23, 2),
(13806, 67, 24, 2),
(13807, 67, 25, 2),
(13808, 67, 26, 1),
(13809, 67, 27, 2),
(13810, 67, 28, 2),
(13811, 67, 29, 2),
(13812, 67, 30, 2),
(13813, 67, 31, 1),
(13814, 67, 32, 1),
(13815, 67, 33, 2),
(13816, 67, 0, 1),
(13817, 67, 0, 2),
(13818, 67, 0, 2),
(13855, 70, 1, 1),
(13856, 70, 2, 1),
(13857, 70, 3, 1),
(13858, 70, 4, 2),
(13859, 70, 5, 2),
(13860, 70, 6, 2),
(13861, 70, 7, 2),
(13862, 70, 8, 2),
(13863, 70, 9, 2),
(13864, 70, 10, 2),
(13865, 70, 11, 2),
(13866, 70, 12, 1),
(13867, 70, 13, 2),
(13868, 70, 14, 2),
(13869, 70, 15, 1),
(13870, 70, 16, 1),
(13871, 70, 17, 1),
(13872, 70, 18, 2),
(13873, 70, 19, 1),
(13874, 70, 20, 2),
(13875, 70, 21, 2),
(13876, 70, 22, 1),
(13877, 70, 23, 2),
(13878, 70, 24, 2),
(13879, 70, 25, 2),
(13880, 70, 26, 2),
(13881, 70, 27, 2),
(13882, 70, 28, 1),
(13883, 70, 29, 1),
(13884, 70, 30, 2),
(13885, 70, 31, 1),
(13886, 70, 32, 1),
(13887, 70, 33, 1),
(13888, 70, 0, 1),
(13889, 70, 0, 2),
(13890, 70, 0, 2),
(13891, 163, 1, 1),
(13892, 163, 2, 1),
(13893, 163, 3, 1),
(13894, 163, 4, 1),
(13895, 163, 5, 2),
(13896, 163, 6, 1),
(13897, 163, 7, 2),
(13898, 163, 8, 1),
(13899, 163, 9, 1),
(13900, 163, 10, 2),
(13901, 163, 11, 2),
(13902, 163, 12, 1),
(13903, 163, 13, 2),
(13904, 163, 14, 1),
(13905, 163, 15, 1),
(13906, 163, 16, 2),
(13907, 163, 17, 2),
(13908, 163, 18, 2),
(13909, 163, 19, 1),
(13910, 163, 20, 2),
(13911, 163, 21, 2),
(13912, 163, 22, 1),
(13913, 163, 23, 2),
(13914, 163, 24, 2),
(13915, 163, 25, 2),
(13916, 163, 26, 2),
(13917, 163, 27, 2),
(13918, 163, 28, 2),
(13919, 163, 29, 2),
(13920, 163, 30, 2),
(13921, 163, 31, 1),
(13922, 163, 32, 1),
(13923, 163, 33, 2),
(13924, 163, 0, 1),
(13925, 163, 0, 1),
(13926, 163, 0, 1),
(13927, 163, 0, 2),
(13928, 163, 0, 2),
(13929, 163, 0, 2),
(13930, 163, 0, 2),
(13931, 163, 0, 2),
(13932, 163, 0, 2),
(13933, 163, 0, 2),
(13934, 163, 0, 2),
(13935, 163, 0, 1),
(13936, 163, 0, 2),
(13937, 163, 0, 2),
(13938, 163, 0, 1),
(13939, 163, 0, 1),
(13940, 163, 0, 1),
(13941, 163, 0, 2),
(13942, 163, 0, 1),
(13943, 163, 0, 2),
(13944, 163, 0, 2),
(13945, 163, 0, 1),
(13946, 163, 0, 2),
(13947, 163, 0, 2),
(13948, 163, 0, 2),
(13949, 163, 0, 2),
(13950, 163, 0, 2),
(13951, 163, 0, 1),
(13952, 163, 0, 1),
(13953, 163, 0, 2),
(13954, 163, 0, 1),
(13955, 163, 0, 1),
(13956, 163, 0, 1),
(13957, 163, 0, 1),
(13958, 163, 0, 2),
(13959, 163, 0, 2),
(13960, 164, 1, 2),
(13961, 164, 2, 2),
(13962, 164, 3, 2),
(13963, 164, 4, 2),
(13964, 164, 5, 2),
(13965, 164, 6, 1),
(13966, 164, 7, 1),
(13967, 164, 8, 1),
(13968, 164, 9, 1),
(13969, 164, 10, 1),
(13970, 164, 11, 1),
(13971, 164, 12, 2),
(13972, 164, 13, 2),
(13973, 164, 14, 2),
(13974, 164, 15, 1),
(13975, 164, 16, 2),
(13976, 164, 17, 2),
(13977, 164, 18, 2),
(13978, 164, 19, 1),
(13979, 164, 20, 2),
(13980, 164, 21, 1),
(13981, 164, 22, 1),
(13982, 164, 23, 1),
(13983, 164, 24, 1),
(13984, 164, 25, 1),
(13985, 164, 26, 1),
(13986, 164, 27, 2),
(13987, 164, 28, 1),
(13988, 164, 29, 2),
(13989, 164, 30, 2),
(13990, 164, 31, 1),
(13991, 164, 32, 1),
(13992, 164, 33, 1),
(13993, 165, 1, 1),
(13994, 165, 2, 1),
(13995, 165, 3, 1),
(13996, 165, 4, 1),
(13997, 165, 5, 1),
(13998, 165, 6, 1),
(13999, 165, 7, 2),
(14000, 165, 8, 1),
(14001, 165, 9, 1),
(14002, 165, 10, 2),
(14003, 165, 11, 2),
(14004, 165, 12, 1),
(14005, 165, 13, 1),
(14006, 165, 14, 2),
(14007, 165, 15, 1),
(14008, 165, 16, 2),
(14009, 165, 17, 1),
(14010, 165, 18, 2),
(14011, 165, 19, 1),
(14012, 165, 20, 2),
(14013, 165, 21, 1),
(14014, 165, 22, 1),
(14015, 165, 23, 2),
(14016, 165, 24, 2),
(14017, 165, 25, 2),
(14018, 165, 26, 2),
(14019, 165, 27, 2),
(14020, 165, 28, 1),
(14021, 165, 29, 2),
(14022, 165, 30, 2),
(14023, 165, 31, 1),
(14024, 165, 32, 1),
(14025, 165, 33, 1),
(14026, 166, 1, 1),
(14027, 166, 2, 1),
(14028, 166, 3, 1),
(14029, 166, 4, 1),
(14030, 166, 6, 1),
(14031, 166, 7, 2),
(14032, 166, 8, 1),
(14033, 166, 9, 1),
(14034, 166, 10, 2),
(14035, 166, 11, 2),
(14036, 166, 12, 1),
(14037, 166, 13, 1),
(14038, 166, 14, 2),
(14039, 166, 15, 1),
(14040, 166, 16, 2),
(14041, 166, 17, 1),
(14042, 166, 18, 2),
(14043, 166, 19, 1),
(14044, 166, 20, 2),
(14045, 166, 21, 1),
(14046, 166, 22, 1),
(14047, 166, 23, 2),
(14048, 166, 24, 2),
(14049, 166, 25, 2),
(14050, 166, 26, 2),
(14051, 166, 27, 2),
(14052, 166, 28, 1),
(14053, 166, 29, 2),
(14054, 166, 30, 2),
(14055, 166, 31, 1),
(14056, 166, 32, 1),
(14057, 166, 33, 1),
(14058, 167, 1, 1),
(14059, 167, 2, 1),
(14060, 167, 3, 1),
(14061, 167, 4, 1),
(14062, 167, 5, 1),
(14063, 167, 6, 1),
(14064, 167, 7, 2),
(14065, 167, 8, 1),
(14066, 167, 9, 1),
(14067, 167, 10, 2),
(14068, 167, 11, 2),
(14069, 167, 12, 1),
(14070, 167, 13, 1),
(14071, 167, 14, 2),
(14072, 167, 15, 1),
(14073, 167, 16, 2),
(14074, 167, 17, 1),
(14075, 167, 18, 2),
(14076, 167, 19, 1),
(14077, 167, 20, 2),
(14078, 167, 21, 1),
(14079, 167, 22, 1),
(14080, 167, 23, 2),
(14081, 167, 24, 2),
(14082, 167, 25, 2),
(14083, 167, 26, 2),
(14084, 167, 27, 2),
(14085, 167, 28, 1),
(14086, 167, 29, 2),
(14087, 167, 30, 2),
(14088, 167, 31, 1),
(14089, 167, 32, 1),
(14090, 167, 33, 1),
(14091, 168, 1, 1),
(14092, 168, 2, 1),
(14093, 168, 3, 1),
(14094, 168, 4, 1),
(14095, 168, 5, 1),
(14096, 168, 6, 1),
(14097, 168, 7, 2),
(14098, 168, 8, 1),
(14099, 168, 9, 1),
(14100, 168, 10, 2),
(14101, 168, 11, 2),
(14102, 168, 12, 1),
(14103, 168, 13, 1),
(14104, 168, 14, 2),
(14105, 168, 15, 1),
(14106, 168, 16, 2),
(14107, 168, 17, 1),
(14108, 168, 18, 2),
(14109, 168, 19, 1),
(14110, 168, 20, 2),
(14111, 168, 21, 1),
(14112, 168, 22, 1),
(14113, 168, 23, 2),
(14114, 168, 24, 2),
(14115, 168, 25, 2),
(14116, 168, 26, 2),
(14117, 168, 27, 2),
(14118, 168, 28, 1),
(14119, 168, 29, 2),
(14120, 168, 30, 2),
(14121, 168, 31, 1),
(14122, 168, 32, 1),
(14123, 168, 33, 1),
(14124, 169, 1, 1),
(14125, 169, 2, 1),
(14126, 169, 3, 1),
(14127, 169, 4, 1),
(14128, 169, 5, 1),
(14129, 169, 6, 1),
(14130, 169, 7, 2),
(14131, 169, 8, 1),
(14132, 169, 9, 1),
(14133, 169, 10, 2),
(14134, 169, 11, 2),
(14135, 169, 12, 1),
(14136, 169, 13, 1),
(14137, 169, 14, 2),
(14138, 169, 15, 1),
(14139, 169, 16, 2),
(14140, 169, 17, 1),
(14141, 169, 18, 2),
(14142, 169, 19, 1),
(14143, 169, 20, 2),
(14144, 169, 21, 1),
(14145, 169, 22, 1),
(14146, 169, 23, 2),
(14147, 169, 24, 2),
(14148, 169, 25, 2),
(14149, 169, 26, 2),
(14150, 169, 27, 2),
(14151, 169, 28, 1),
(14152, 169, 29, 2),
(14153, 169, 30, 2),
(14154, 169, 31, 1),
(14155, 169, 32, 1),
(14156, 169, 33, 1),
(14157, 170, 1, 1),
(14158, 170, 2, 1),
(14159, 170, 3, 1),
(14160, 170, 4, 1),
(14161, 170, 5, 1),
(14162, 170, 6, 1),
(14163, 170, 7, 2),
(14164, 170, 8, 1),
(14165, 170, 9, 1),
(14166, 170, 10, 2),
(14167, 170, 11, 2),
(14168, 170, 12, 1),
(14169, 170, 13, 1),
(14170, 170, 14, 2),
(14171, 170, 15, 1),
(14172, 170, 16, 2),
(14173, 170, 17, 1),
(14174, 170, 18, 2),
(14175, 170, 19, 1),
(14176, 170, 20, 2),
(14177, 170, 21, 1),
(14178, 170, 22, 1),
(14179, 170, 23, 2),
(14180, 170, 24, 2),
(14181, 170, 25, 2),
(14182, 170, 26, 2),
(14183, 170, 27, 2),
(14184, 170, 28, 1),
(14185, 170, 29, 2),
(14186, 170, 30, 2),
(14187, 170, 31, 1),
(14188, 170, 32, 1),
(14189, 170, 33, 1),
(14190, 171, 1, 1),
(14191, 171, 2, 1),
(14192, 171, 3, 1),
(14193, 171, 4, 1),
(14194, 171, 5, 1),
(14195, 171, 6, 1),
(14196, 171, 7, 2),
(14197, 171, 8, 1),
(14198, 171, 9, 1),
(14199, 171, 10, 2),
(14200, 171, 11, 2),
(14201, 171, 12, 1),
(14202, 171, 13, 1),
(14203, 171, 14, 2),
(14204, 171, 15, 1),
(14205, 171, 16, 2),
(14206, 171, 17, 1),
(14207, 171, 18, 2),
(14208, 171, 19, 1),
(14209, 171, 20, 2),
(14210, 171, 21, 1),
(14211, 171, 22, 1),
(14212, 171, 23, 2),
(14213, 171, 24, 2),
(14214, 171, 25, 2),
(14215, 171, 26, 2),
(14216, 171, 27, 2),
(14217, 171, 28, 1),
(14218, 171, 29, 2),
(14219, 171, 30, 2),
(14220, 171, 31, 1),
(14221, 171, 32, 1),
(14222, 171, 33, 1),
(14979, 172, 1, 1),
(14980, 172, 2, 1),
(14981, 172, 3, 1),
(14982, 172, 4, 1),
(14983, 172, 5, 2),
(14984, 172, 6, 1),
(14985, 172, 7, 2),
(14986, 172, 8, 1),
(14987, 172, 9, 1),
(14988, 172, 10, 2),
(14989, 172, 11, 2),
(14990, 172, 12, 2),
(14991, 172, 13, 2),
(14992, 172, 14, 1),
(14993, 172, 15, 1),
(14994, 172, 16, 2);
INSERT INTO `controlAccesorios` (`id`, `idControlRecibe`, `idAccesorio`, `idEstatus`) VALUES
(14995, 172, 17, 2),
(14996, 172, 18, 2),
(14997, 172, 19, 1),
(14998, 172, 20, 2),
(14999, 172, 21, 2),
(15000, 172, 22, 1),
(15001, 172, 23, 2),
(15002, 172, 24, 2),
(15003, 172, 25, 2),
(15004, 172, 26, 2),
(15005, 172, 27, 2),
(15006, 172, 28, 2),
(15007, 172, 29, 2),
(15008, 172, 30, 2),
(15009, 172, 31, 1),
(15010, 172, 32, 1),
(15011, 172, 33, 2),
(15012, 172, 0, 1),
(15013, 172, 0, 1),
(15014, 172, 0, 1),
(15015, 172, 0, 1),
(15016, 172, 0, 1),
(15017, 172, 0, 1),
(15018, 172, 0, 2),
(15019, 172, 0, 1),
(15020, 172, 0, 1),
(15021, 172, 0, 2),
(15022, 172, 0, 2),
(15023, 172, 0, 1),
(15024, 172, 0, 1),
(15025, 172, 0, 2),
(15026, 172, 0, 1),
(15027, 172, 0, 1),
(15028, 172, 0, 1),
(15029, 172, 0, 2),
(15030, 172, 0, 1),
(15031, 172, 0, 2),
(15032, 172, 0, 1),
(15033, 172, 0, 1),
(15034, 172, 0, 2),
(15035, 172, 0, 2),
(15036, 172, 0, 2),
(15037, 172, 0, 2),
(15038, 172, 0, 2),
(15039, 172, 0, 1),
(15040, 172, 0, 2),
(15041, 172, 0, 2),
(15042, 172, 0, 1),
(15043, 172, 0, 1),
(15044, 172, 0, 1),
(15045, 172, 0, 1),
(15046, 172, 0, 2),
(15047, 172, 0, 2),
(15048, 173, 1, 1),
(15049, 173, 2, 1),
(15050, 173, 3, 1),
(15051, 173, 4, 1),
(15052, 173, 5, 2),
(15053, 173, 6, 1),
(15054, 173, 7, 2),
(15055, 173, 8, 1),
(15056, 173, 9, 1),
(15057, 173, 10, 2),
(15058, 173, 11, 2),
(15059, 173, 12, 1),
(15060, 173, 13, 2),
(15061, 173, 14, 1),
(15062, 173, 15, 1),
(15063, 173, 16, 2),
(15064, 173, 17, 2),
(15065, 173, 18, 2),
(15066, 173, 20, 2),
(15067, 173, 21, 2),
(15068, 173, 22, 1),
(15069, 173, 23, 2),
(15070, 173, 24, 2),
(15071, 173, 25, 2),
(15072, 173, 26, 2),
(15073, 173, 27, 2),
(15074, 173, 28, 2),
(15075, 173, 31, 1),
(15076, 173, 32, 1),
(15077, 173, 33, 2),
(15078, 174, 1, 1),
(15079, 174, 2, 1),
(15080, 174, 3, 1),
(15081, 174, 4, 1),
(15082, 174, 5, 1),
(15083, 174, 6, 1),
(15084, 174, 7, 2),
(15085, 174, 8, 1),
(15086, 174, 9, 1),
(15087, 174, 10, 2),
(15088, 174, 11, 2),
(15089, 174, 12, 1),
(15090, 174, 13, 1),
(15091, 174, 14, 2),
(15092, 174, 15, 1),
(15093, 174, 16, 2),
(15094, 174, 17, 1),
(15095, 174, 18, 2),
(15096, 174, 19, 1),
(15097, 174, 20, 2),
(15098, 174, 21, 1),
(15099, 174, 22, 1),
(15100, 174, 23, 2),
(15101, 174, 24, 2),
(15102, 174, 25, 2),
(15103, 174, 26, 2),
(15104, 174, 27, 2),
(15105, 174, 28, 1),
(15106, 174, 29, 2),
(15107, 174, 30, 2),
(15108, 174, 31, 1),
(15109, 174, 32, 1),
(15110, 174, 33, 1),
(15111, 175, 1, 1),
(15112, 175, 2, 1),
(15113, 175, 3, 1),
(15114, 175, 4, 1),
(15115, 175, 5, 1),
(15116, 175, 6, 1),
(15117, 175, 7, 2),
(15118, 175, 8, 1),
(15119, 175, 9, 1),
(15120, 175, 10, 2),
(15121, 175, 11, 2),
(15122, 175, 12, 1),
(15123, 175, 13, 1),
(15124, 175, 14, 2),
(15125, 175, 15, 1),
(15126, 175, 16, 2),
(15127, 175, 17, 1),
(15128, 175, 18, 2),
(15129, 175, 19, 1),
(15130, 175, 20, 2),
(15131, 175, 21, 1),
(15132, 175, 22, 1),
(15133, 175, 23, 2),
(15134, 175, 24, 2),
(15135, 175, 25, 2),
(15136, 175, 26, 2),
(15137, 175, 27, 2),
(15138, 175, 28, 1),
(15139, 175, 29, 2),
(15140, 175, 30, 2),
(15141, 175, 31, 1),
(15142, 175, 32, 1),
(15143, 175, 33, 1),
(15144, 176, 1, 1),
(15145, 176, 2, 1),
(15146, 176, 3, 1),
(15147, 176, 4, 1),
(15148, 176, 5, 1),
(15149, 176, 6, 1),
(15150, 176, 7, 2),
(15151, 176, 8, 1),
(15152, 176, 9, 1),
(15153, 176, 10, 2),
(15154, 176, 11, 2),
(15155, 176, 12, 1),
(15156, 176, 13, 1),
(15157, 176, 14, 2),
(15158, 176, 15, 1),
(15159, 176, 16, 2),
(15160, 176, 17, 1),
(15161, 176, 18, 2),
(15162, 176, 19, 1),
(15163, 176, 20, 2),
(15164, 176, 21, 1),
(15165, 176, 22, 1),
(15166, 176, 23, 2),
(15167, 176, 25, 2),
(15168, 176, 26, 2),
(15169, 176, 27, 2),
(15170, 176, 28, 1),
(15171, 176, 29, 2),
(15172, 176, 30, 2),
(15173, 176, 31, 1),
(15174, 176, 32, 1),
(15175, 176, 33, 1),
(15176, 177, 1, 1),
(15177, 177, 2, 1),
(15178, 177, 3, 1),
(15179, 177, 4, 1),
(15180, 177, 5, 1),
(15181, 177, 6, 1),
(15182, 177, 7, 2),
(15183, 177, 8, 1),
(15184, 177, 9, 1),
(15185, 177, 10, 2),
(15186, 177, 11, 2),
(15187, 177, 12, 1),
(15188, 177, 13, 1),
(15189, 177, 14, 2),
(15190, 177, 15, 1),
(15191, 177, 16, 2),
(15192, 177, 17, 1),
(15193, 177, 18, 2),
(15194, 177, 19, 1),
(15195, 177, 20, 2),
(15196, 177, 21, 1),
(15197, 177, 22, 1),
(15198, 177, 23, 2),
(15199, 177, 24, 2),
(15200, 177, 25, 2),
(15201, 177, 26, 2),
(15202, 177, 27, 2),
(15203, 177, 28, 1),
(15204, 177, 29, 2),
(15205, 177, 30, 2),
(15206, 177, 31, 1),
(15207, 177, 32, 1),
(15208, 177, 33, 1),
(15209, 178, 1, 1),
(15210, 178, 2, 1),
(15211, 178, 3, 1),
(15212, 178, 4, 1),
(15213, 178, 5, 1),
(15214, 178, 6, 1),
(15215, 178, 7, 2),
(15216, 178, 8, 1),
(15217, 178, 9, 1),
(15218, 178, 10, 2),
(15219, 178, 11, 2),
(15220, 178, 12, 1),
(15221, 178, 13, 1),
(15222, 178, 14, 2),
(15223, 178, 15, 1),
(15224, 178, 16, 2),
(15225, 178, 17, 1),
(15226, 178, 18, 2),
(15227, 178, 19, 1),
(15228, 178, 20, 2),
(15229, 178, 21, 1),
(15230, 178, 22, 1),
(15231, 178, 23, 2),
(15232, 178, 24, 2),
(15233, 178, 25, 2),
(15234, 178, 26, 2),
(15235, 178, 27, 2),
(15236, 178, 28, 1),
(15237, 178, 29, 2),
(15238, 178, 30, 2),
(15239, 178, 31, 1),
(15240, 178, 32, 1),
(15241, 178, 33, 1),
(15242, 179, 1, 1),
(15243, 179, 2, 1),
(15244, 179, 3, 1),
(15245, 179, 4, 1),
(15246, 179, 5, 1),
(15247, 179, 6, 1),
(15248, 179, 7, 2),
(15249, 179, 8, 1),
(15250, 179, 9, 1),
(15251, 179, 10, 2),
(15252, 179, 11, 2),
(15253, 179, 12, 1),
(15254, 179, 13, 1),
(15255, 179, 14, 2),
(15256, 179, 15, 1),
(15257, 179, 16, 2),
(15258, 179, 17, 1),
(15259, 179, 18, 2),
(15260, 179, 19, 1),
(15261, 179, 20, 2),
(15262, 179, 21, 1),
(15263, 179, 22, 1),
(15264, 179, 23, 2),
(15265, 179, 24, 2),
(15266, 179, 25, 2),
(15267, 179, 26, 2),
(15268, 179, 27, 2),
(15269, 179, 28, 1),
(15270, 179, 29, 2),
(15271, 179, 30, 2),
(15272, 179, 31, 1),
(15273, 179, 32, 1),
(15274, 179, 33, 1),
(15275, 180, 1, 1),
(15276, 180, 2, 1),
(15277, 180, 3, 1),
(15278, 180, 4, 1),
(15279, 180, 6, 1),
(15280, 180, 7, 2),
(15281, 180, 8, 1),
(15282, 180, 9, 1),
(15283, 180, 10, 2),
(15284, 180, 11, 2),
(15285, 180, 12, 1),
(15286, 180, 13, 1),
(15287, 180, 14, 2),
(15288, 180, 15, 1),
(15289, 180, 16, 2),
(15290, 180, 17, 1),
(15291, 180, 18, 2),
(15292, 180, 19, 1),
(15293, 180, 20, 2),
(15294, 180, 21, 1),
(15295, 180, 22, 1),
(15296, 180, 23, 2),
(15297, 180, 24, 2),
(15298, 180, 25, 2),
(15299, 180, 26, 2),
(15300, 180, 27, 2),
(15301, 180, 28, 1),
(15302, 180, 29, 2),
(15303, 180, 30, 2),
(15304, 180, 31, 1),
(15305, 180, 32, 1),
(15306, 180, 33, 1),
(15307, 181, 1, 1),
(15308, 181, 2, 1),
(15309, 181, 3, 1),
(15310, 181, 4, 1),
(15311, 181, 5, 1),
(15312, 181, 6, 1),
(15313, 181, 7, 2),
(15314, 181, 8, 1),
(15315, 181, 9, 1),
(15316, 181, 10, 2),
(15317, 181, 11, 2),
(15318, 181, 12, 1),
(15319, 181, 13, 1),
(15320, 181, 14, 2),
(15321, 181, 15, 1),
(15322, 181, 16, 2),
(15323, 181, 17, 1),
(15324, 181, 18, 2),
(15325, 181, 19, 1),
(15326, 181, 20, 2),
(15327, 181, 21, 1),
(15328, 181, 22, 1),
(15329, 181, 23, 2),
(15330, 181, 24, 2),
(15331, 181, 25, 2),
(15332, 181, 26, 2),
(15333, 181, 27, 2),
(15334, 181, 28, 1),
(15335, 181, 29, 2),
(15336, 181, 30, 2),
(15337, 181, 31, 1),
(15338, 181, 32, 2),
(15339, 181, 33, 1),
(15376, 20, 1, 1),
(15377, 20, 2, 1),
(15378, 20, 3, 1),
(15379, 20, 4, 1),
(15380, 20, 5, 2),
(15381, 20, 6, 1),
(15382, 20, 7, 2),
(15383, 20, 8, 1),
(15384, 20, 9, 1),
(15385, 20, 10, 2),
(15386, 20, 11, 2),
(15387, 20, 12, 1),
(15388, 20, 13, 2),
(15389, 20, 14, 1),
(15390, 20, 15, 1),
(15391, 20, 16, 2),
(15392, 20, 17, 2),
(15393, 20, 18, 2),
(15394, 20, 19, 1),
(15395, 20, 20, 2),
(15396, 20, 21, 2),
(15397, 20, 22, 1),
(15398, 20, 23, 2),
(15399, 20, 24, 2),
(15400, 20, 25, 2),
(15401, 20, 26, 2),
(15402, 20, 27, 2),
(15403, 20, 28, 2),
(15404, 20, 29, 2),
(15405, 20, 30, 2),
(15406, 20, 31, 1),
(15407, 20, 32, 1),
(15408, 20, 33, 2),
(15409, 20, 0, 1),
(15410, 20, 0, 2),
(15411, 20, 0, 2),
(15484, 94, 1, 1),
(15485, 94, 2, 1),
(15486, 94, 3, 1),
(15487, 94, 4, 1),
(15488, 94, 5, 1),
(15489, 94, 6, 1),
(15490, 94, 7, 2),
(15491, 94, 8, 1),
(15492, 94, 9, 1),
(15493, 94, 10, 2),
(15494, 94, 11, 2),
(15495, 94, 12, 1),
(15496, 94, 13, 1),
(15497, 94, 14, 2),
(15498, 94, 15, 1),
(15499, 94, 16, 2),
(15500, 94, 17, 1),
(15501, 94, 18, 2),
(15502, 94, 19, 1),
(15503, 94, 20, 2),
(15504, 94, 21, 1),
(15505, 94, 22, 1),
(15506, 94, 23, 2),
(15507, 94, 24, 2),
(15508, 94, 25, 2),
(15509, 94, 26, 2),
(15510, 94, 27, 2),
(15511, 94, 28, 1),
(15512, 94, 29, 2),
(15513, 94, 30, 2),
(15514, 94, 31, 1),
(15515, 94, 32, 1),
(15516, 94, 33, 1),
(15517, 94, 0, 1),
(15518, 94, 0, 2),
(15519, 94, 0, 2),
(15556, 88, 1, 1),
(15557, 88, 2, 1),
(15558, 88, 3, 1),
(15559, 88, 4, 1),
(15560, 88, 5, 1),
(15561, 88, 6, 1),
(15562, 88, 7, 2),
(15563, 88, 8, 1),
(15564, 88, 9, 1),
(15565, 88, 10, 2),
(15566, 88, 11, 2),
(15567, 88, 12, 1),
(15568, 88, 13, 1),
(15569, 88, 14, 2),
(15570, 88, 15, 1),
(15571, 88, 16, 2),
(15572, 88, 17, 1),
(15573, 88, 18, 2),
(15574, 88, 19, 1),
(15575, 88, 20, 2),
(15576, 88, 21, 1),
(15577, 88, 22, 1),
(15578, 88, 23, 2),
(15579, 88, 24, 2),
(15580, 88, 25, 2),
(15581, 88, 26, 2),
(15582, 88, 27, 2),
(15583, 88, 28, 1),
(15584, 88, 29, 2),
(15585, 88, 30, 2),
(15586, 88, 31, 1),
(15587, 88, 32, 1),
(15588, 88, 33, 1),
(15589, 88, 0, 1),
(15590, 88, 0, 2),
(15591, 88, 0, 2),
(15628, 91, 1, 1),
(15629, 91, 2, 1),
(15630, 91, 3, 1),
(15631, 91, 4, 1),
(15632, 91, 5, 1),
(15633, 91, 6, 1),
(15634, 91, 7, 2),
(15635, 91, 8, 1),
(15636, 91, 9, 1),
(15637, 91, 10, 2),
(15638, 91, 11, 2),
(15639, 91, 12, 1),
(15640, 91, 13, 1),
(15641, 91, 14, 2),
(15642, 91, 15, 1),
(15643, 91, 16, 2),
(15644, 91, 17, 1),
(15645, 91, 18, 2),
(15646, 91, 19, 1),
(15647, 91, 20, 2),
(15648, 91, 21, 1),
(15649, 91, 22, 1),
(15650, 91, 23, 2),
(15651, 91, 24, 2),
(15652, 91, 25, 2),
(15653, 91, 26, 2),
(15654, 91, 27, 2),
(15655, 91, 28, 1),
(15656, 91, 29, 2),
(15657, 91, 30, 2),
(15658, 91, 31, 1),
(15659, 91, 32, 1),
(15660, 91, 33, 1),
(15661, 91, 0, 1),
(15662, 91, 0, 2),
(15663, 91, 0, 2),
(15664, 85, 1, 1),
(15665, 85, 2, 1),
(15666, 85, 3, 1),
(15667, 85, 4, 1),
(15668, 85, 5, 1),
(15669, 85, 6, 1),
(15670, 85, 7, 2),
(15671, 85, 8, 1),
(15672, 85, 9, 1),
(15673, 85, 10, 2),
(15674, 85, 11, 2),
(15675, 85, 12, 1),
(15676, 85, 13, 1),
(15677, 85, 14, 2),
(15678, 85, 15, 1),
(15679, 85, 16, 2),
(15680, 85, 17, 1),
(15681, 85, 18, 2),
(15682, 85, 19, 1),
(15683, 85, 20, 2),
(15684, 85, 21, 1),
(15685, 85, 22, 1),
(15686, 85, 23, 2),
(15687, 85, 24, 2),
(15688, 85, 25, 2),
(15689, 85, 26, 2),
(15690, 85, 27, 2),
(15691, 85, 28, 1),
(15692, 85, 29, 2),
(15693, 85, 30, 2),
(15694, 85, 31, 1),
(15695, 85, 32, 1),
(15696, 85, 33, 1),
(15697, 85, 0, 1),
(15698, 85, 0, 2),
(15699, 85, 0, 2),
(15736, 86, 1, 1),
(15737, 86, 2, 1),
(15738, 86, 3, 1),
(15739, 86, 4, 1),
(15740, 86, 5, 1),
(15741, 86, 6, 1),
(15742, 86, 7, 2),
(15743, 86, 8, 1),
(15744, 86, 9, 1),
(15745, 86, 10, 2),
(15746, 86, 11, 2),
(15747, 86, 12, 1),
(15748, 86, 13, 1),
(15749, 86, 14, 2),
(15750, 86, 15, 1),
(15751, 86, 16, 1),
(15752, 86, 17, 1),
(15753, 86, 18, 2),
(15754, 86, 19, 1),
(15755, 86, 20, 2),
(15756, 86, 21, 1),
(15757, 86, 22, 1),
(15758, 86, 23, 2),
(15759, 86, 24, 2),
(15760, 86, 25, 2),
(15761, 86, 26, 2),
(15762, 86, 27, 2),
(15763, 86, 28, 1),
(15764, 86, 29, 2),
(15765, 86, 30, 2),
(15766, 86, 31, 1),
(15767, 86, 32, 1),
(15768, 86, 33, 1),
(15769, 86, 0, 1),
(15770, 86, 0, 2),
(15771, 86, 0, 2),
(15844, 65, 1, 1),
(15845, 65, 2, 1),
(15846, 65, 3, 1),
(15847, 65, 4, 1),
(15848, 65, 5, 1),
(15849, 65, 6, 1),
(15850, 65, 7, 1),
(15851, 65, 8, 1),
(15852, 65, 9, 1),
(15853, 65, 10, 1),
(15854, 65, 11, 1),
(15855, 65, 12, 2),
(15856, 65, 13, 2),
(15857, 65, 14, 1),
(15858, 65, 15, 1),
(15859, 65, 16, 1),
(15860, 65, 17, 2),
(15861, 65, 18, 1),
(15862, 65, 19, 1),
(15863, 65, 20, 2),
(15864, 65, 21, 2),
(15865, 65, 22, 1),
(15866, 65, 23, 2),
(15867, 65, 24, 2),
(15868, 65, 25, 2),
(15869, 65, 26, 2),
(15870, 65, 27, 2),
(15871, 65, 28, 1),
(15872, 65, 29, 1),
(15873, 65, 30, 2),
(15874, 65, 31, 1),
(15875, 65, 32, 1),
(15876, 65, 33, 2),
(15877, 65, 0, 1),
(15878, 65, 0, 2),
(15879, 65, 0, 2),
(15916, 96, 1, 1),
(15917, 96, 2, 1),
(15918, 96, 3, 1),
(15919, 96, 4, 1),
(15920, 96, 5, 1),
(15921, 96, 6, 1),
(15922, 96, 7, 1),
(15923, 96, 8, 1),
(15924, 96, 9, 1),
(15925, 96, 10, 1),
(15926, 96, 11, 1),
(15927, 96, 12, 2),
(15928, 96, 13, 2),
(15929, 96, 14, 1),
(15930, 96, 15, 1),
(15931, 96, 16, 1),
(15932, 96, 17, 2),
(15933, 96, 18, 1),
(15934, 96, 19, 1),
(15935, 96, 20, 2),
(15936, 96, 21, 2),
(15937, 96, 22, 1),
(15938, 96, 23, 2),
(15939, 96, 24, 2),
(15940, 96, 25, 2),
(15941, 96, 26, 2),
(15942, 96, 27, 2),
(15943, 96, 28, 1),
(15944, 96, 29, 1),
(15945, 96, 30, 2),
(15946, 96, 31, 1),
(15947, 96, 32, 1),
(15948, 96, 33, 2),
(15949, 96, 0, 1),
(15950, 96, 0, 2),
(15951, 96, 0, 2),
(16024, 90, 1, 1),
(16025, 90, 2, 1),
(16026, 90, 3, 1),
(16027, 90, 4, 1),
(16028, 90, 5, 1),
(16029, 90, 6, 1),
(16030, 90, 7, 1),
(16031, 90, 8, 1),
(16032, 90, 9, 1),
(16033, 90, 10, 1),
(16034, 90, 11, 1),
(16035, 90, 12, 2),
(16036, 90, 13, 2),
(16037, 90, 14, 1),
(16038, 90, 15, 1),
(16039, 90, 16, 1),
(16040, 90, 17, 2),
(16041, 90, 18, 1),
(16042, 90, 19, 1),
(16043, 90, 20, 2),
(16044, 90, 21, 2),
(16045, 90, 22, 1),
(16046, 90, 23, 2),
(16047, 90, 24, 2),
(16048, 90, 25, 2),
(16049, 90, 26, 2),
(16050, 90, 27, 2),
(16051, 90, 28, 1),
(16052, 90, 29, 1),
(16053, 90, 30, 2),
(16054, 90, 31, 1),
(16055, 90, 32, 1),
(16056, 90, 33, 2),
(16057, 90, 0, 1),
(16058, 90, 0, 2),
(16059, 90, 0, 2),
(16096, 89, 1, 1),
(16097, 89, 2, 1),
(16098, 89, 3, 1),
(16099, 89, 4, 1),
(16100, 89, 5, 1),
(16101, 89, 6, 1),
(16102, 89, 7, 1),
(16103, 89, 8, 1),
(16104, 89, 9, 1),
(16105, 89, 10, 1),
(16106, 89, 11, 1),
(16107, 89, 12, 2),
(16108, 89, 13, 2),
(16109, 89, 14, 1),
(16110, 89, 15, 1),
(16111, 89, 16, 1),
(16112, 89, 17, 2),
(16113, 89, 18, 1),
(16114, 89, 19, 1),
(16115, 89, 20, 2),
(16116, 89, 21, 2),
(16117, 89, 22, 1),
(16118, 89, 23, 2),
(16119, 89, 24, 2),
(16120, 89, 25, 2),
(16121, 89, 26, 2),
(16122, 89, 27, 2),
(16123, 89, 28, 1),
(16124, 89, 29, 1),
(16125, 89, 30, 2),
(16126, 89, 31, 1),
(16127, 89, 32, 1),
(16128, 89, 33, 2),
(16129, 89, 0, 1),
(16130, 89, 0, 2),
(16131, 89, 0, 2),
(16168, 87, 1, 1),
(16169, 87, 2, 1),
(16170, 87, 3, 1),
(16171, 87, 4, 1),
(16172, 87, 5, 1),
(16173, 87, 6, 1),
(16174, 87, 7, 1),
(16175, 87, 8, 1),
(16176, 87, 9, 1),
(16177, 87, 10, 1),
(16178, 87, 11, 1),
(16179, 87, 12, 2),
(16180, 87, 13, 2),
(16181, 87, 14, 1),
(16182, 87, 15, 1),
(16183, 87, 16, 1),
(16184, 87, 17, 2),
(16185, 87, 18, 1),
(16186, 87, 19, 1),
(16187, 87, 20, 2),
(16188, 87, 21, 2),
(16189, 87, 22, 1),
(16190, 87, 23, 2),
(16191, 87, 24, 2),
(16192, 87, 25, 2),
(16193, 87, 26, 2),
(16194, 87, 27, 2),
(16195, 87, 28, 1),
(16196, 87, 29, 1),
(16197, 87, 30, 2),
(16198, 87, 31, 1),
(16199, 87, 32, 1),
(16200, 87, 33, 2),
(16201, 87, 0, 1),
(16202, 87, 0, 2),
(16203, 87, 0, 2),
(16204, 84, 1, 1),
(16205, 84, 2, 1),
(16206, 84, 3, 1),
(16207, 84, 4, 1),
(16208, 84, 5, 1),
(16209, 84, 6, 1),
(16210, 84, 7, 1),
(16211, 84, 8, 1),
(16212, 84, 9, 1),
(16213, 84, 10, 1),
(16214, 84, 11, 1),
(16215, 84, 12, 2),
(16216, 84, 13, 2),
(16217, 84, 14, 1),
(16218, 84, 15, 1),
(16219, 84, 16, 1),
(16220, 84, 17, 2),
(16221, 84, 18, 1),
(16222, 84, 19, 1),
(16223, 84, 20, 2),
(16224, 84, 21, 2),
(16225, 84, 22, 1),
(16226, 84, 23, 2),
(16227, 84, 24, 2),
(16228, 84, 25, 2),
(16229, 84, 26, 2),
(16230, 84, 27, 2),
(16231, 84, 28, 1),
(16232, 84, 29, 1),
(16233, 84, 30, 2),
(16234, 84, 31, 1),
(16235, 84, 32, 1),
(16236, 84, 33, 2),
(16237, 84, 0, 1),
(16238, 84, 0, 2),
(16239, 84, 0, 2),
(16417, 117, 1, 2),
(16418, 117, 2, 1),
(16419, 117, 3, 2),
(16420, 117, 4, 2),
(16421, 117, 5, 2),
(16422, 117, 6, 2),
(16423, 117, 7, 2),
(16424, 117, 8, 2),
(16425, 117, 9, 2),
(16426, 117, 10, 1),
(16427, 117, 11, 1),
(16428, 117, 12, 2),
(16429, 117, 13, 2),
(16430, 117, 14, 1),
(16431, 117, 15, 1),
(16432, 117, 16, 2),
(16433, 117, 19, 1),
(16434, 117, 21, 2),
(16435, 117, 22, 1),
(16436, 117, 23, 2),
(16437, 117, 24, 2),
(16438, 117, 25, 1),
(16439, 117, 26, 1),
(16440, 117, 27, 2),
(16441, 117, 28, 2),
(16442, 117, 29, 2),
(16443, 117, 30, 2),
(16444, 117, 31, 1),
(16445, 117, 32, 1),
(16446, 117, 33, 1),
(16447, 117, 0, 1),
(16448, 117, 0, 2),
(16449, 117, 0, 2),
(16522, 66, 1, 2),
(16523, 66, 2, 1),
(16524, 66, 3, 2),
(16525, 66, 4, 2),
(16526, 66, 5, 2),
(16527, 66, 6, 2),
(16528, 66, 7, 1),
(16529, 66, 8, 2),
(16530, 66, 9, 2),
(16531, 66, 10, 1),
(16532, 66, 11, 1),
(16533, 66, 12, 2),
(16534, 66, 13, 2),
(16535, 66, 14, 1),
(16536, 66, 15, 1),
(16537, 66, 16, 1),
(16538, 66, 17, 2),
(16539, 66, 18, 1),
(16540, 66, 19, 1),
(16541, 66, 20, 2),
(16542, 66, 21, 2),
(16543, 66, 22, 1),
(16544, 66, 23, 1),
(16545, 66, 24, 2),
(16546, 66, 25, 1),
(16547, 66, 26, 1),
(16548, 66, 27, 2),
(16549, 66, 28, 2),
(16550, 66, 29, 1),
(16551, 66, 30, 2),
(16552, 66, 31, 1),
(16553, 66, 32, 1),
(16554, 66, 33, 2),
(16555, 66, 0, 1),
(16556, 66, 0, 2),
(16557, 66, 0, 1),
(16558, 182, 1, 1),
(16559, 182, 2, 1),
(16560, 182, 3, 1),
(16561, 182, 4, 1),
(16562, 182, 5, 2),
(16563, 182, 6, 1),
(16564, 182, 7, 2),
(16565, 182, 8, 1),
(16566, 182, 9, 2),
(16567, 182, 10, 1),
(16568, 182, 11, 1),
(16569, 182, 12, 2),
(16570, 182, 13, 1),
(16571, 182, 14, 1),
(16572, 182, 15, 1),
(16573, 182, 16, 2),
(16574, 182, 17, 2),
(16575, 182, 18, 2),
(16576, 182, 19, 1),
(16577, 182, 20, 2),
(16578, 182, 21, 1),
(16579, 182, 22, 1),
(16580, 182, 23, 1),
(16581, 182, 24, 2),
(16582, 182, 25, 1),
(16583, 182, 26, 2),
(16584, 182, 27, 2),
(16585, 182, 28, 1),
(16586, 182, 29, 2),
(16587, 182, 30, 2),
(16588, 182, 31, 1),
(16589, 182, 32, 1),
(16590, 182, 33, 1),
(16591, 182, 0, 2),
(16592, 182, 0, 1),
(16593, 182, 0, 2),
(16594, 182, 0, 2),
(16595, 182, 0, 2),
(16596, 182, 0, 2),
(16597, 182, 0, 1),
(16598, 182, 0, 2),
(16599, 182, 0, 2),
(16600, 182, 0, 1),
(16601, 182, 0, 1),
(16602, 182, 0, 2),
(16603, 182, 0, 2),
(16604, 182, 0, 1),
(16605, 182, 0, 1),
(16606, 182, 0, 1),
(16607, 182, 0, 2),
(16608, 182, 0, 1),
(16609, 182, 0, 1),
(16610, 182, 0, 2),
(16611, 182, 0, 2),
(16612, 182, 0, 1),
(16613, 182, 0, 1),
(16614, 182, 0, 2),
(16615, 182, 0, 1),
(16616, 182, 0, 1),
(16617, 182, 0, 2),
(16618, 182, 0, 2),
(16619, 182, 0, 1),
(16620, 182, 0, 2),
(16621, 182, 0, 1),
(16622, 182, 0, 1),
(16623, 182, 0, 2),
(16624, 182, 0, 1),
(16625, 182, 0, 2),
(16626, 182, 0, 1);

-- --------------------------------------------------------

--
-- Estructura de tabla para la tabla `controlAdicional`
--

CREATE TABLE IF NOT EXISTS `controlAdicional` (
  `id` int(11) NOT NULL AUTO_INCREMENT,
  `idControlRecibe` int(11) NOT NULL,
  `tablero` varchar(5) NOT NULL,
  `alarma` varchar(5) NOT NULL,
  `reversa` varchar(5) NOT NULL,
  `kilometraje` varchar(20) NOT NULL,
  `combustible` int(1) NOT NULL,
  `otro` text NOT NULL,
  `observaciones` text NOT NULL,
  PRIMARY KEY (`id`)
) ENGINE=InnoDB  DEFAULT CHARSET=latin1 AUTO_INCREMENT=183 ;

--
-- Volcado de datos para la tabla `controlAdicional`
--

INSERT INTO `controlAdicional` (`id`, `idControlRecibe`, `tablero`, `alarma`, `reversa`, `kilometraje`, `combustible`, `otro`, `observaciones`) VALUES
(1, 1, 'si', '0', '', '166', 1, '', 'FOLIO 855'),
(2, 2, 'si', '1', '1', '1108310', 6, 'SOLO TRAE EL ASIENTO DE PILOTO. NO EL COPILOTO', 'LLANTA TRASERA LADO DERECHO DESGASTADA (LISA)'),
(3, 3, 'si', '0', '0', '724', 1, '', ''),
(4, 4, 'si', '0', '0', '452', 1, 'DEJA TARJETA IAVE PEGADA EN PARABRISAS', 'RASPON EN DEFENSA DELANERA LADO DERECHO  FOLIO 890'),
(5, 5, 'si', '0', '0', '434', 1, 'TRASLADOS  TRANSPORTADORA LAGOS', ''),
(6, 6, 'si', '0', '1', '707', 1, 'TRASLADOS TRANSPORTADORA LAGO', 'UNIDAD SUCIA DE EXTERIORES E INTERIORES'),
(7, 7, 'si', '0', '1', '440', 1, 'TRASLADOS TRANSPORTADORA LAGO', 'UNIDAD SUCIA DE EXTERIORES'),
(8, 8, 'si', '0', '0', '430', 0, 'UNIDAD SE RECIBIO SUCIA', ''),
(9, 9, 'si', '0', '0', '440', 0, 'UNIDAD SE RECIBIO SUCIA', 'FOLIO 898'),
(10, 10, 'si', '0', '0', '37', 2, 'CABLES', 'FOLIO 901'),
(11, 11, 'si', '0', '0', '33', 2, 'SE RECIBIERON CABLES', 'FOLIO 902'),
(12, 12, 'si', '0', '0', '32', 2, '', 'FOLIO 903'),
(13, 13, 'si', '0', '0', '32', 2, '', 'FOLIO 904'),
(14, 14, 'si', '0', '0', '49', 2, '', 'FOLIO 905'),
(15, 15, 'si', '0', '0', '32', 2, '', '906'),
(16, 16, 'si', '0', '0', '32', 2, '', 'FOLIO 907'),
(17, 17, 'si', '0', '0', '107', 0, 'TRASLADOS AUTOPOLIS, SE RECIBE CON FACIA DELANTERA CON RAYON MANCHA', 'FOLIO 889'),
(18, 18, 'si', '0', '0', '112', 1, 'TRASLADOS AUTOPOLIS CUMBRES', 'FOLIO 892'),
(19, 19, 'si', '0', '0', '171', 1, '4 TAPONES DE RINES', 'FOLIO 891'),
(20, 20, 'si', '0', '0', '159', 2, '', 'FOLIO 893'),
(21, 21, 'si', '0', '0', '172', 1, 'RAYONES EN FACIA DELANTERA LADO DERECHO', 'FOLIO 878'),
(22, 22, 'si', '0', '0', '165', 2, 'SE RECIBIERON 4 TAPAS DE RINES', 'FOLIO 882'),
(23, 23, 'si', '0', '0', '164', 2, '', 'FOLIO 876'),
(24, 24, 'si', '0', '0', '674', 2, 'SE RECIBE JGO DE MANGUERA DE COMBUSTIBLE', 'FOLIO 887'),
(25, 25, 'si', '0', '0', '1889.7', 0, 'UNIDAD SUCIA, TRASLADOS TACSA', 'FOLIO 974'),
(26, 26, 'si', '0', '0', '1883.6', 1, 'UNIDAD SUCIA, TRASLADOS TACSA', 'FOLIO 1000'),
(27, 27, 'si', '0', '0', '1870.7', 1, 'UNIDAD SE RECIBIO SUCIA, TRASLADOS TACSA', 'FOLIO 968'),
(28, 28, 'si', '0', '0', '1513.5', 0, 'TRASLADOS TACSA', 'FOLIO 969'),
(29, 29, 'si', '0', '0', '1595', 0, 'TRASLADOS TACSA, SIN INDICADOR EN PALANCA DE VELOCIDADES', 'FOLIO 995'),
(30, 30, 'si', '0', '1', '169', 2, 'TRASLADOS ESPECIALES', 'FOLIO 867'),
(31, 31, 'si', '0', '1', '56', 2, 'TRASLADOS ESPECIALES', ''),
(32, 32, 'si', '0', '1', '83', 2, 'TRASLADOS ESPECIALES', 'FOLIO 871'),
(33, 33, 'si', '0', '1', '26', 2, 'TRASLADOS GLOBAL INTER', 'FOLIO 861'),
(34, 34, 'si', '0', '1', '26', 2, 'TRASLADOS GLOBAL INTER', 'FOLIO 862'),
(35, 35, 'si', '0', '0', '26', 2, 'TRASLADOS GLOBAL INTER', 'FOLIO 863'),
(36, 36, 'si', '0', '1', '26', 0, 'TRASLADOS GLOBAL INTER', 'FOLIO 864'),
(37, 37, 'si', '0', '1', '26', 0, 'TRASLADOS GLOBAL INTER', 'FOLIO 865'),
(38, 38, 'si', '0', '1', '171', 0, 'TRASLADOS ESPECIALES', 'FOLIO 870'),
(39, 39, 'si', '0', '1', '84', 2, 'TRASLADOS ESPECIALES', 'FOLIO 872'),
(40, 40, 'si', '0', '1', '169', 2, 'TRASLADOS ESPECIALES', 'FOLIO 868'),
(41, 41, 'si', '0', '0', '56', 2, 'NO TRAE TAPONES DE RUEDA', 'FOLIO 843'),
(42, 42, 'si', '0', '1', '552', 7, '', 'FOLIO 844'),
(43, 43, 'si', '0', '1', '579', 1, 'TRASLADOS AGUILAS DEL DESIERTO', 'FOLIO 847'),
(44, 44, 'si', '0', '0', '6393', 4, '', 'FOLIO 833'),
(45, 45, 'si', '0', '0', '647', 3, 'CABLE USB-AUXILIAR Y UNIDAD SUCIA', 'FOLIO 691'),
(46, 46, 'si', '0', '0', '57', 1, 'FALTA LLAVE DE RUEDA Y MANERAL', 'FOLIO 718'),
(47, 47, 'si', '0', '0', '6', 0, 'UNIDAD CON MENOS DE 1/4 DE COMBUSTIBLE', 'FOLIO 804'),
(48, 48, 'si', '0', '0', '5', 0, 'TRASLADOS ESPECIALES', 'FOLIO 806'),
(49, 49, 'si', '0', '0', '6', 0, 'UNIDAD COMO MENOS DE 1/4 DE COMBUSTIBLE', 'FOLIO 807'),
(50, 50, 'si', '0', '0', '4', 0, 'TRASLADOS ESPECIALES', 'FOLIO 809'),
(51, 51, 'si', '0', '0', '4', 0, 'UNIDAD CON MENOS DE 1/4 DE COMBUSTIBLE', 'FOLIO 810'),
(52, 52, 'si', '0', '0', '4', 0, 'TRASLADOS ESPECIALES, UNIDAD CON MENOS DE 1/4 DE COMBUSTIBLE', 'FOLIO 812'),
(53, 53, 'si', '0', '0', '5', 0, 'TRASLADOS ESPECIALES, UNIDAD CON MENOS DE 1/4 COMBUSTIBLE', 'FOLIO 813'),
(54, 54, 'si', '0', '0', '4', 0, 'TRASLADOS ESPECIALES, UNIDAD CON MENOS DE 1/4 DE COMBUSTIBLE', 'FOLIO 814'),
(55, 55, 'si', '0', '0', '5', 0, 'TRASLADOS ESPECIALES, UNIDAD CON MENOS DE 1/4 DE COMBUSTIBLE', 'FOLIO 815'),
(56, 56, 'si', '0', '0', '5', 0, 'TRASLADOS ESPECIALES, UNIDAD CON MENOS DE 1/4 COMBUSTIBLE', 'FOLIO 816'),
(57, 57, 'si', '0', '0', '4', 0, 'TRASLADOS ESPECIALES, UNIDAD CON MENOS DE 1/4 DE COMBUSTIBLE', 'FOLIO 818'),
(58, 58, 'si', '0', '0', '62', 2, 'JGO DE MANGUERAS DE GASOLINA', 'FOLIO 696'),
(59, 59, 'si', '0', '0', '62', 2, 'ACCESORIOS DE MANGUERAS DE GASOLINA', 'FOLIO 698'),
(60, 60, 'si', '0', '0', '63', 2, 'ACCESORIOS DE COMBUSTIBLE', 'FOLIO 697'),
(61, 61, 'si', '0', '0', '70', 2, 'ACCESORIOS DE GASOLINA, PEGAMENTO ENTRE CABINA  Y CAJA', 'FOLIO 839'),
(62, 62, 'si', '0', '0', '61', 2, 'ACCESORIOS DE MANGUERA DE COMBUSTIBLE', 'FOLIO 838'),
(63, 63, 'si', '1', '1', '180', 2, '', 'FOLIO 877'),
(64, 64, 'si', '0', '0', '7944', 6, 'ESPEJO LADO IZQ QUEBRADO PARTE BAJA, GOLPES EN CAJA', 'FOLIO 888'),
(65, 65, 'si', '0', '0', '933', 1, 'CHASIS SUCIO, LINTERNA, AEROSOL P/INFLAR LLANTAS E IMPERMEABLE', 'FOLIO 909'),
(66, 66, 'si', '0', '1', '636262', 3, 'NO DEJO LLAVES EL CHOFER, TABLERO CON MANCHAS DE REFRESCO', 'GOLPES Y RASPONES EN FACIA DEL, CABINA Y PARTE TRASERA DE CABINA. FOLIO 883'),
(67, 67, 'si', '0', '1', '512', 1, 'LUZ DE ALTA FARO DERECHO NO ENCIENDE', 'FOLIO 836'),
(68, 68, 'si', '1', '1', '624', 0, 'CABINA SUCIA', 'FOLIO 837'),
(69, 69, 'si', '1', '1', '577', 0, 'ENCENDIDO FOCO DE DIESEL', 'FOLIO 886'),
(70, 70, 'si', '0', '0', '1891', 0, 'RASPON EN MARCO DE PUERTA IZQUIERDA  PARTE BAJA', 'FOLIO 119'),
(71, 71, 'si', '0', '0', '1889.3', 0, 'DESCARAPEDALO DE PINTURA EN MARCO DE PUERTA IZQ PARTE BAJA', 'FOLIO 998'),
(72, 72, 'si', '0', '0', '1890.6', 0, 'ESPEJO LATERAL QUEBRADO LADO DERECHO, TRASLADOS TACSA', 'FOLIO 994'),
(73, 73, 'si', '0', '0', '1865.5', 0, 'TRASLADOS TACSA, UNIDAD CON MENOS DE 1/4 DE COMBUSTIBLE', 'FOLIO 975'),
(74, 74, 'si', '0', '0', '1860.8', 0, 'TRASLADOS TACSA', 'FOLIO 107'),
(75, 75, 'si', '0', '0', '15152', 3, 'LODERAS METALICAS, RAYON EN FACIA DELANTERA, GOLPE EN MARCO DE PUERTA IZQ, GOLPE EN PUERTA DERECHA', 'FOLIO 915'),
(76, 76, 'si', '0', '0', '207', 2, 'MANGUERAS PARA AIRE', 'FOLIO 917'),
(77, 77, 'si', '0', '0', '235', 2, 'MANGUERAS PARA AIRE', 'FOLIO 918'),
(78, 78, 'si', '0', '0', '201', 2, 'ACCESORIO DE MANGUERA DE AIRE', 'FOLIO 919'),
(79, 79, 'si', '0', '0', '202', 2, '', 'FOLIO 920'),
(80, 80, 'si', '0', '0', '29835', 3, '4 TAPAS DE RUEDAS, NO SIRVEN LUZ DE CAJA, GOLPES EN CAJA Y CABINA', 'FOLIO 908'),
(81, 81, 'si', '1', '1', '283', 7, 'GOLPES EN CABINA Y FACIA DELANTERA', 'FOLIO 834'),
(82, 82, 'si', '0', '0', '', 0, 'SE RECIBIO CON MENOS DE 1/4 COMBUSTIBLE', 'folio 747'),
(83, 83, 'si', '0', '0', '93', 2, 'DEJA EN GUANTERA 4 TAPAS DE RIN', 'FOLIO 910'),
(84, 84, 'si', '0', '0', '37', 2, 'ADICIONAL 10 TUERCAS PARA LLANTAS', 'FOLIO 921'),
(85, 85, 'si', '0', '0', '32', 2, 'ADICIONAL 10 TUERCAS PARA LLANTAS TRASERAS', 'FOLIO 922'),
(86, 86, 'si', '0', '0', '35', 2, 'ADICIONAL 10 TUERCAS PARA LLANTAS TRASERAS', 'FOLIO 923'),
(87, 87, 'si', '0', '0', '35', 2, 'ADICIONAL 10 TUERCAS PARA LLANTAS TRASERAS', 'FOLIO 924'),
(88, 88, 'si', '0', '0', '38', 2, 'ADICIONAL 10 TUERCAS PARA LLANTAS TRASERAS', 'FOLIO 925'),
(89, 89, 'si', '0', '0', '35', 2, 'ADICIONAL 10 TUERCAS PARA LLANTAS TRASERAS', 'FOLIO 926'),
(90, 90, 'si', '0', '0', '36', 2, 'ADICIONAL 10 TUERCAS PARA LLANTAS TRASERAS', 'FOLIO 927'),
(91, 91, 'si', '0', '0', '38', 2, 'ADICIONAL 10 TUERCAS PARA LLANTAS TRASERAS', 'FOLIO 929'),
(92, 92, 'si', '0', '0', '44', 2, 'ADICIONAL 10 TUERCAS PARA LLANTAS TRASERAS', 'FOLIO 930'),
(93, 93, 'si', '0', '0', '36', 2, '10 TUERCAS PARA LLANTAS TRASERAS, CHECK ENGINNE ENCENDIDO', 'FOLIO 951'),
(94, 94, 'si', '0', '0', '38', 2, '10 TUERCAS PARA LLANTAS TRASERAS, CHECK ENGINEE ENCENDIDO', 'FOLIO 952'),
(95, 95, 'si', '0', '0', '37', 2, 'ADICIONAL 10 TUERCAS PARA LLANTAS TRASERAS , CHECK ENGINEE ENCENDIDO', 'FOLIO 953'),
(96, 96, 'si', '0', '0', '45', 2, 'ADICIONAL 10 TUERCAS PARA LLANTAS TRASERAS, CHECK ENGINEE PRENDIDO', 'FOLIO 954'),
(97, 0, '', '', '', '', 0, '', ''),
(98, 98, 'si', '0', '0', '325', 2, 'ACCESORIOS PARA MANGUERAS DE COMBUSTIBLE', 'FOLIO 931'),
(99, 99, 'si', '0', '0', '49', 3, 'GOLPE EN CABINA PARTE TRASERA DE PILOTO, DEJA 4 BIRLOS CON CANDADO', 'FOLIO 955'),
(100, 100, 'si', '0', '0', '35', 0, 'ADICIONAL 10 TUERCAS PARA LLANTAS TRASERAS, CHECK ENGINEE ENCENDIDO', 'FOLIO 932'),
(101, 101, 'si', '0', '0', '34', 0, 'ADICIONAL 10 TUERCAS PARA LLANTAS TRASERAS, CHECK ENGINEE ENCENDIDO', 'FOLIO 933'),
(102, 102, 'si', '0', '0', '35', 0, 'ADICIONAL 10 TUERCAS PARA EJE TRASERO Y CHECK ENGINEE ENCENDIDO', 'FOLIO 934'),
(103, 103, 'si', '0', '0', '36', 2, 'ADICIONAL 10 TUERCAS PARA LLANTAS TRASERAS, CHECK ENGINEE ENCENDIDO', 'FOLIO 935'),
(104, 104, 'si', '0', '0', '35', 0, 'ADICIONAL 10 TUERCAS PARA LLANTAS TRASERAS, CHECK ENGINEE ENCENDIDO', 'FOLIO 936'),
(105, 105, 'si', '0', '0', '34', 0, '10 TUERCAS ADICIONALES LLANTAS TRASERAS, CHECK ENGINEE ENCENDIDO', 'FOLIO 937'),
(106, 106, 'si', '0', '0', '34', 0, '10 TUERCAS ADICIONALES LLANTAS TRASERAS, CHECK ENGINEE ', 'FOLIO 938'),
(107, 107, 'si', '0', '0', '34', 0, 'CHECK ENGINNE ENCENDIDO, 10 TUERCAS ADICIONALES', 'FOLIO 939'),
(108, 108, 'si', '0', '0', '37', 0, 'CHECK ENGINEE ENCENDIDO, 10 TUERCAS PARA LLANTAS TRASERAS', 'FOLIO 940'),
(109, 109, 'si', '0', '0', '34', 0, 'CHECK ENGINNE ENCENDIDO, 10 TUERCAS ADICIONALES', 'FOLIO 941'),
(110, 110, 'si', '0', '0', '36', 0, 'CHECK ENGINEE ENCENDIDO, 10 TUERCAS ADICIONALES', 'FOLIO 956'),
(111, 111, 'si', '0', '0', '34', 0, 'CHECK ENGINEE ENCENDIDO, 10 TUERCAS ADICIONALES', 'FOLIO 957'),
(112, 112, 'si', '0', '0', '35', 0, 'CHECK ENGINNE ENCENDIDO, 10 TUERCAS ADICIONALES', 'FOLIO 958'),
(113, 113, 'si', '0', '0', '35', 0, 'CHECK ENGINEE ENCENDIDO, 10 TUERCAS ADICIONALES', 'FOLIO 959'),
(114, 114, 'si', '0', '0', '35', 0, 'CHECK ENGINEE ENCENDIDO, 10 TUERCAS ADICIONALES', 'FOLIO 960'),
(115, 115, 'si', '0', '0', '942.5', 0, 'CHASIS MODIFICADO (CORTADO), NO TRAE 1/4 COMBUSTIBLE', 'FOLIO 942'),
(116, 116, 'si', '0', '0', '133848', 3, 'UNIDAD SUCIA DE INTERIORES Y EXTERIORES', 'FOLIO 943'),
(117, 117, 'si', '0', '0', '65206', 5, 'DEMASIADOS DETALLES EN CARROCERIA, CALAVERAS ROTAS', 'FOLIO 944'),
(118, 118, 'si', '1', '0', '12711', 6, 'CANDADO EN VOLANTE, SIN TAPONES EN RINES, RAMPA MAXON 288215-01', 'FOLIO 945'),
(119, 119, 'si', '0', '1', '30863', 8, 'CAMARA DE REVERSA Y PANTALLA, VARIOS DETALLES EN CARROCERIA', 'FOLIO 947'),
(120, 120, 'si', '0', '0', '47823', 0, 'GOLPES EN COFRE Y CAJA', 'FOLIO 948'),
(121, 121, 'si', '0', '0', '', 1, '2 LLAVES DE CANDADO Y CONTROLDE STEREO', 'FOLIO 961'),
(122, 122, 'si', '0', '0', '979.9', 0, 'FALTAN BRAZOS DE ESPEJO DERECHO E IZQUIERDO, SUCIO EXTERIOR, LAS LLAVES NO ABREN CHAPA DE PUERTAS', 'FOLIO 949'),
(123, 123, 'si', '0', '0', '1313.8', 0, 'UNIDAD SUCIA, FALTA 1 TAPON O TUERCA DE TAPA DE BATERIAS', 'FOLIO 946'),
(124, 124, 'si', '0', '1', '51', 2, '', 'FOLIO 967'),
(125, 125, 'si', '0', '1', '51', 2, '', 'FOLIO 967'),
(126, 126, 'si', '0', '0', '440', 0, 'FOCO DE INDICADOR DE COMBUSTIBLE ENCENDIDO', 'FOLIO 962'),
(127, 127, 'si', '0', '1', '439', 0, 'ENCENDIDO FOCO DE COMBUSTIBLE', 'FOLIO 964'),
(128, 128, 'si', '0', '0', '440.6', 0, 'UNIDAD SUCIA, ENCENDIDO FOCO DE COMBUSTIBLE NIVEL BAJO', 'FOLIO 966'),
(129, 129, 'si', '0', '1', '441', 0, 'UNIDAD SUCIA, BASE DE CALAVEA DOBLADA DEL LADO IZQUIERDO', 'FOLIO 963'),
(130, 130, 'si', '0', '0', '438.3', 0, 'UNIDAD SUCIA, SIN COMBUSTIBLE', 'FOLIO 965'),
(131, 131, 'si', '0', '0', '59890', 4, 'DEJA CABLE USB, STOP DE LADO IZQ, NO SIRVE, RASPON EN DEFENSA DELANTERA LADO DERECHO', 'FOLIO 972'),
(132, 132, 'si', '0', '0', '123', 1, 'EQUIPO ISOTERMICO Y CORTINAS EN PUERTA LATERAL', 'FOLIO 973'),
(133, 133, 'si', '0', '1', '39', 2, 'CHECK ENGINEE ENCENDIDO, 10 TUERCAS ADICIONALES,', 'FOLIO 970'),
(134, 134, 'si', '0', '0', '42', 2, 'CHECK ENGINEE ENCENDIDO, 10 TUERCAS ADICIONALES', 'FOLIO 971'),
(135, 135, 'si', '0', '0', '192', 3, 'HERRAMIENTA COMPLETA, GUANTES, PINZAS MECANICAS, LLAVES ESPAÃ‘OLA AEROSOL PARA LLANTAS', 'FOLIO 988'),
(136, 136, 'si', '1', '1', '32', 2, '10 TUERCAS ADICIONALES, CHECK ENGINEE ENCENDIDO', 'FOLIO 978'),
(137, 137, 'si', '0', '1', '175', 3, '', 'FOLIO 928'),
(138, 138, 'si', '0', '0', '1176', 5, 'UNIDAD SUCIA', 'FOLIO 950'),
(139, 139, 'si', '0', '0', '35', 2, '10 TUERCAS ADICIONALES, CHECK ENGINEE ENCENDIDO', 'FOLIO 982'),
(140, 140, 'si', '0', '0', '41', 2, '10 TUERCAS ADICIONALES, CHECK ENGINEEE ENCENDIDO', 'FOLIO 985'),
(141, 141, 'si', '0', '0', '36', 2, '10 TUERCAS ADICIONALES, CHECK ENGINEE ENCENDIDO', 'FOLIO 984'),
(142, 142, 'si', '0', '0', '35', 2, '10 TUERCAS ADICIONALES, CHECK ENGINEE ENCENDIDO', 'FOLIO 979'),
(143, 143, 'si', '0', '0', '36', 2, '10 TUERCAS ADICIONALES, CHECK ENGINEE ENCENDIDO', 'FOLIO 986'),
(144, 144, 'si', '0', '0', '41', 2, '10 TUERCAS ADICIONALES , CHECK ENGINEE ENCENDIDO', 'FOLIO 980'),
(145, 145, 'si', '0', '0', '33', 2, '10 TUERCAS ADICIONALES, CHECK ENGINEE ENCENDIDO', 'FOLIO 983'),
(146, 146, 'si', '0', '0', '34', 2, '10 TUERCAS ADICIONALES, CHECK ENGINEEE ENCENDIDO', 'FOLIO 977'),
(147, 147, 'si', '0', '0', '35', 2, 'check engineee encendido, 10 tuercas adicionales', 'FOLIO 991'),
(148, 148, 'si', '0', '0', '34', 2, '10 TUECAS ADICIONALES, CHECK ENGINEE ENCENDIDO', 'FOLIO 990'),
(149, 149, 'si', '0', '0', '34', 2, 'CHECK ENGINEE ENCENDIDO, 10 TUERCAS ADICIONALES', 'FOLIO 993'),
(150, 150, 'si', '0', '0', '39', 2, 'CHECK ENGINEE ENCENDIDO, 10 TUERCAS ADICIOANLES', 'FOLIO 981'),
(151, 151, 'si', '0', '0', '34', 2, 'CHECK ENGINEE ENCENDIDO, 10 TUERCAS ADICIONALES', 'FOLIO 976'),
(152, 152, 'si', '0', '0', '35', 2, 'CHECK ENGINEE ENCENDIDO, 10 TUERCAS ADICIONALES', 'FOLIO 992'),
(153, 153, 'si', '0', '0', '14095', 2, 'GOLPES VARIOS EN CAJA Y CARROCERIA', 'FOLIO 999'),
(154, 154, 'si', '0', '0', '1263', 4, 'TAPETE EN AREA DE CARGA', 'FOLIO 101'),
(155, 155, 'si', '0', '0', '300', 2, 'CHECK ENGINEE ENCENDIDO, Y ABS ENCENDIDO', 'FOLIO 987'),
(156, 156, 'si', '0', '0', '104', 2, 'CHECK ENGINEE ENCENDIDO Y ABS ENCENDIDO', 'FOLIO 989'),
(157, 157, 'si', '0', '0', '103', 2, 'CHECK ENGINEE ENCENDIDO Y ABS ', 'FOLIO 996'),
(158, 158, 'si', '0', '0', '155', 2, 'CHECK ENGINEE ENCENDIDO, Y FOCO DE ABS', 'FOLIO 997'),
(159, 159, 'si', '0', '0', '76', 2, 'CHECK ENGINEE ENCENDIDO Y ABS, 4 TAPONES DE RUEDA', 'FOLIO 104'),
(160, 160, 'si', '0', '0', '17', 2, 'CHECK ENGINEE ENCENDIDO Y ABS', 'FOLIO 103'),
(161, 161, '', 'no', '0', '34', 2, '10 TUERCAS ADICIONALES, CHECK ENGINEE ENCENDIDO', 'FOLIO 105'),
(162, 162, 'si', '0', '0', '493126', 2, 'PORTALLANTA GOLPEADO, ASIENTO DE PILOTO MANCHADO DE TINTA, PARABRISAS QUEBRADO', 'FOLIO 106'),
(163, 163, 'si', '0', '0', '50', 2, '4 TAPONES DE RUEDA EN GUANTERA', 'FOLIO 120'),
(164, 164, 'si', '0', '0', '140876', 5, 'ABS EN TABLERO ENCENDIDO Y VAIORS DETALLES EN CARROCERIA', 'FOLIO 138'),
(165, 165, 'si', '0', '1', '33', 0, 'CHECK ENGINEE ENCENDIDO, 10 TUERCAS ADICIONALES', 'FOLIO N-132'),
(166, 166, 'si', '0', '1', '31', 1, 'CHECK ENGINEE ENCENDIDO, 10 TUERCAS ADICIONALES', 'FOLIO N-133'),
(167, 167, 'si', '0', '1', '32', 0, 'CHECK ENGINEE ENCENDIDO, 10 TUERCAS ADICIONALES', 'FOLIO N-134'),
(168, 168, 'si', '0', '0', '32', 0, 'CHECK ENGINEE ENCENDIDO, 10 TUERCAS AICIONALES', 'FOLIO N-168'),
(169, 169, 'si', '0', '0', '33', 0, 'CHECK ENGINEE ENCENDIDO, 10 TUERCAS ADICIONALES', 'FOLIO N-136'),
(170, 170, 'si', '0', '0', '33', 0, 'CHECK ENGINEE ENCENDIDO, 10 TUERCAS ADICIONALES', 'FOLIO N-137'),
(171, 171, 'si', '0', '0', '31', 1, 'CHECK ENGINEE ENCENDIDO, 10 TUERCAS ADICIONALES', 'FOLIO N-140'),
(172, 172, 'si', '0', '0', '20', 0, 'SIN EL 1/4 DE COMBUSTIBLE', 'folio 145'),
(173, 173, 'si', '0', '0', '22', 0, 'NO TRAE 1/4 DE COMBUSTIBLE', 'FOLIO 146'),
(174, 174, 'si', '0', '0', '31', 1, 'CHECK ENGINEE ENCENDIDO, 10 TUERCAS ADICIONALES', 'FOLIO 139'),
(175, 175, 'si', '0', '0', '32', 1, 'CHECK ENGINEE ENCENDIDO, 10 TUERCAS ADICIONALES', 'FOLIO 141'),
(176, 176, 'si', '0', '0', '33', 2, 'CHECK ENGINEE ENCENDIDO, 10 TUERCAS ADICIONALES', 'FOLIO 142'),
(177, 177, 'si', '0', '0', '30', 1, 'CHECK ENGINEE ENCENDIDO, 10 TUERCAS ADICIONALES', 'FOLIO 143'),
(178, 178, 'si', '0', '0', '34', 1, 'CHECK ENGINNE ENCENDIDO, 10 TUERCAS ADICIONALES', 'FOLIO 144'),
(179, 179, 'si', '0', '0', '33', 2, 'check enginee encendido, 10 TUERCAS ADICIONALES', 'FOLIO 147'),
(180, 180, 'si', '0', '0', '33', 2, 'CHECK ENGINEE ENCENDIDO, 10 TUERCAS ADICIONALES', 'FOLIO 161'),
(181, 181, 'si', '0', '0', '34', 2, 'CHECK ENGINEE ENCENDIDO, 10 TUERCAS ADICIONALES', 'FOLIO 162'),
(182, 182, 'si', '0', '0', '94,942', 3, 'UNIDAD CON DETALLES EN CAJA, SIN PLAFONES', 'FOLIO N-148');

-- --------------------------------------------------------

--
-- Estructura de tabla para la tabla `controlRecibe`
--

CREATE TABLE IF NOT EXISTS `controlRecibe` (
  `id` int(11) NOT NULL AUTO_INCREMENT,
  `usuarioRecibe` int(11) NOT NULL,
  `motivoRecibe` int(11) NOT NULL,
  `asesorComercial` int(11) NOT NULL,
  `idCliente` int(11) NOT NULL,
  `fecha` datetime NOT NULL,
  `folio` varchar(7) NOT NULL,
  `status` int(1) NOT NULL,
  `proceso` int(11) NOT NULL DEFAULT '1',
  `fechaEntrega` date NOT NULL,
  PRIMARY KEY (`id`)
) ENGINE=InnoDB  DEFAULT CHARSET=latin1 AUTO_INCREMENT=183 ;

--
-- Volcado de datos para la tabla `controlRecibe`
--

INSERT INTO `controlRecibe` (`id`, `usuarioRecibe`, `motivoRecibe`, `asesorComercial`, `idCliente`, `fecha`, `folio`, `status`, `proceso`, `fechaEntrega`) VALUES
(1, 5, 4, 5, 1, '2017-10-02 10:48:54', 'GD-0001', 1, 1, '0000-00-00'),
(2, 5, 1, 5, 2, '2017-10-02 04:46:59', 'GD-0002', 1, 3, '2017-10-12'),
(3, 5, 4, 5, 3, '2017-10-02 04:54:57', 'GD-0003', 1, 3, '2017-11-06'),
(4, 5, 4, 5, 4, '2017-10-11 12:11:54', 'GD-0004', 1, 1, '0000-00-00'),
(5, 5, 4, 5, 5, '2017-10-11 12:16:01', 'GD-0005', 1, 3, '2017-12-31'),
(6, 5, 4, 5, 5, '2017-10-11 12:19:45', 'GD-0006', 1, 3, '2017-11-08'),
(7, 5, 4, 5, 5, '2017-10-11 12:23:03', 'GD-0007', 1, 3, '2017-10-31'),
(8, 5, 4, 5, 5, '2017-10-16 11:07:30', 'GD-0008', 1, 1, '0000-00-00'),
(9, 5, 4, 5, 5, '2017-10-16 11:10:59', 'GD-0009', 1, 3, '2017-11-08'),
(10, 5, 4, 5, 6, '2017-10-16 11:23:08', 'GD-0010', 1, 1, '0000-00-00'),
(11, 5, 4, 5, 6, '2017-10-16 11:26:40', 'GD-0011', 1, 1, '0000-00-00'),
(12, 5, 4, 5, 6, '2017-10-16 11:29:39', 'GD-0012', 1, 1, '0000-00-00'),
(13, 5, 4, 5, 6, '2017-10-16 11:33:01', 'GD-0013', 1, 1, '0000-00-00'),
(14, 5, 4, 5, 6, '2017-10-16 11:36:19', 'GD-0014', 1, 1, '0000-00-00'),
(15, 5, 4, 5, 6, '2017-10-16 11:39:21', 'GD-0015', 1, 1, '0000-00-00'),
(16, 5, 4, 5, 6, '2017-10-16 11:42:01', 'GD-0016', 1, 1, '0000-00-00'),
(17, 5, 4, 5, 6, '2017-10-16 11:44:43', 'GD-0017', 1, 1, '0000-00-00'),
(18, 5, 0, 0, 7, '2017-10-16 11:48:24', 'GD-0018', 1, 1, '0000-00-00'),
(19, 5, 4, 5, 8, '2017-10-16 11:51:31', 'GD-0019', 1, 4, '0000-00-00'),
(20, 5, 4, 5, 8, '2017-10-16 11:55:46', 'GD-0020', 1, 1, '0000-00-00'),
(21, 5, 4, 5, 8, '2017-10-16 12:15:43', 'GD-0021', 1, 4, '0000-00-00'),
(22, 5, 4, 5, 8, '2017-10-16 12:20:55', 'GD-0022', 1, 3, '2017-11-03'),
(23, 5, 4, 5, 8, '2017-10-16 12:23:25', 'GD-0023', 1, 3, '2017-11-03'),
(24, 5, 4, 5, 9, '2017-10-16 12:25:54', 'GD-0024', 1, 3, '2017-10-26'),
(25, 5, 4, 5, 10, '2017-10-16 12:29:07', 'GD-0025', 1, 1, '0000-00-00'),
(26, 5, 4, 5, 10, '2017-10-16 12:40:04', 'GD-0026', 1, 1, '0000-00-00'),
(27, 5, 4, 5, 10, '2017-10-16 12:43:03', 'GD-0027', 1, 3, '2017-11-08'),
(28, 5, 4, 5, 10, '2017-10-16 12:45:57', 'GD-0028', 1, 3, '2017-11-08'),
(29, 5, 4, 5, 10, '2017-10-16 12:49:19', 'GD-0029', 1, 1, '0000-00-00'),
(30, 5, 4, 5, 11, '2017-10-16 12:52:49', 'GD-0030', 1, 3, '2017-10-27'),
(31, 5, 4, 5, 11, '2017-10-16 01:00:54', 'GD-0031', 1, 1, '0000-00-00'),
(32, 5, 4, 5, 11, '2017-10-16 01:04:24', 'GD-0032', 1, 1, '0000-00-00'),
(33, 5, 4, 5, 11, '2017-10-16 01:08:21', 'GD-0033', 1, 3, '2017-10-27'),
(34, 5, 4, 5, 11, '2017-10-16 01:12:28', 'GD-0034', 1, 1, '0000-00-00'),
(35, 5, 4, 5, 11, '2017-10-16 01:15:13', 'GD-0035', 1, 1, '0000-00-00'),
(36, 5, 4, 5, 11, '2017-10-16 01:17:30', 'GD-0036', 1, 1, '0000-00-00'),
(37, 5, 4, 5, 11, '2017-10-16 01:21:54', 'GD-0037', 1, 1, '0000-00-00'),
(38, 5, 4, 5, 11, '2017-10-16 01:25:18', 'GD-0038', 1, 3, '2017-10-27'),
(39, 5, 4, 5, 11, '2017-10-16 01:47:13', 'GD-0039', 1, 3, '2017-10-27'),
(40, 5, 4, 5, 11, '2017-10-16 01:50:49', 'GD-0040', 1, 1, '0000-00-00'),
(41, 5, 4, 5, 12, '2017-10-16 02:03:49', 'GD-0041', 1, 1, '0000-00-00'),
(42, 5, 4, 18, 13, '2017-10-16 02:06:47', 'GD-0042', 1, 3, '2017-10-25'),
(43, 5, 4, 5, 14, '2017-10-16 02:10:45', 'GD-0043', 1, 1, '0000-00-00'),
(44, 5, 4, 5, 15, '2017-10-16 02:13:47', 'GD-0044', 1, 3, '0017-10-21'),
(45, 5, 4, 5, 16, '2017-10-16 03:46:20', 'GD-0045', 1, 3, '2017-10-30'),
(46, 5, 4, 5, 7, '2017-10-16 03:54:31', 'GD-0046', 1, 3, '2017-12-31'),
(47, 5, 4, 5, 10, '2017-10-16 03:58:44', 'GD-0047', 1, 3, '2017-10-18'),
(48, 5, 4, 5, 10, '2017-10-16 04:03:04', 'GD-0048', 1, 3, '2017-10-18'),
(49, 5, 4, 5, 10, '2017-10-16 04:11:48', 'GD-0049', 1, 3, '2017-10-24'),
(50, 5, 4, 5, 10, '2017-10-16 04:14:51', 'GD-0050', 1, 3, '2018-10-24'),
(51, 5, 4, 5, 10, '2017-10-16 04:22:43', 'GD-0051', 1, 3, '2017-10-18'),
(52, 5, 4, 5, 10, '2017-10-16 04:25:12', 'GD-0052', 1, 3, '2017-10-18'),
(53, 5, 4, 5, 10, '2017-10-16 04:27:33', 'GD-0053', 1, 3, '2017-10-18'),
(54, 5, 4, 5, 10, '2017-10-16 04:29:43', 'GD-0054', 1, 3, '2018-10-24'),
(55, 5, 4, 5, 10, '2017-10-16 04:31:59', 'GD-0055', 1, 3, '2017-11-02'),
(56, 5, 4, 5, 10, '2017-10-16 04:34:02', 'GD-0056', 1, 3, '2017-10-18'),
(57, 5, 4, 5, 10, '2017-10-16 04:37:32', 'GD-0057', 1, 3, '2018-10-24'),
(58, 5, 4, 5, 17, '2017-10-16 04:40:02', 'GD-0058', 1, 1, '0000-00-00'),
(59, 5, 4, 5, 17, '2017-10-16 04:45:04', 'GD-0059', 1, 1, '0000-00-00'),
(60, 5, 4, 5, 17, '2017-10-16 04:47:49', 'GD-0060', 1, 3, '2017-10-19'),
(61, 5, 4, 5, 17, '2017-10-16 04:50:10', 'GD-0061', 1, 3, '2018-10-16'),
(62, 5, 4, 5, 17, '2017-10-16 04:58:21', 'GD-0062', 1, 3, '2017-10-16'),
(63, 5, 4, 5, 11, '2017-10-16 05:02:05', 'GD-0063', 1, 3, '0017-10-20'),
(64, 5, 5, 5, 18, '2017-10-16 05:08:55', 'GD-0064', 1, 3, '2017-10-17'),
(65, 5, 4, 5, 19, '2017-10-16 05:12:57', 'GD-0065', 1, 3, '2017-11-14'),
(66, 5, 4, 5, 20, '2017-10-16 05:16:24', 'GD-0066', 1, 3, '2017-11-15'),
(67, 5, 4, 5, 21, '2017-10-16 05:20:00', 'GD-0067', 1, 3, '2017-11-08'),
(68, 5, 4, 5, 21, '2017-10-16 05:55:00', 'GD-0068', 1, 3, '2018-10-24'),
(69, 5, 4, 5, 22, '2017-10-16 05:57:34', 'GD-0069', 1, 3, '2017-11-03'),
(70, 5, 4, 5, 10, '2017-10-16 06:01:25', 'GD-0070', 1, 1, '0000-00-00'),
(71, 5, 4, 5, 10, '2017-10-16 06:04:31', 'GD-0071', 1, 1, '0000-00-00'),
(72, 5, 4, 5, 10, '2017-10-16 06:07:16', 'GD-0072', 1, 1, '0000-00-00'),
(73, 5, 4, 5, 10, '2017-10-16 06:13:44', 'GD-0073', 1, 3, '2017-11-08'),
(74, 5, 4, 5, 10, '2017-10-16 06:16:49', 'GD-0074', 1, 1, '0000-00-00'),
(75, 5, 4, 5, 23, '2017-10-16 06:19:55', 'GD-0075', 1, 3, '2017-10-31'),
(76, 5, 4, 5, 8, '2017-10-16 06:31:43', 'GD-0076', 1, 1, '0000-00-00'),
(77, 5, 4, 5, 8, '2017-10-16 06:35:11', 'GD-0077', 1, 1, '0000-00-00'),
(78, 5, 4, 5, 8, '2017-10-16 06:38:46', 'GD-0078', 1, 1, '2017-10-20'),
(79, 5, 4, 5, 8, '2017-10-16 06:41:26', 'GD-0079', 1, 1, '0000-00-00'),
(80, 5, 1, 5, 24, '2017-10-17 11:42:03', 'GD-0080', 1, 3, '2017-11-01'),
(81, 5, 4, 5, 11, '2017-10-17 03:30:55', 'GD-0081', 1, 1, '0000-00-00'),
(82, 5, 1, 5, 25, '2017-10-17 03:36:07', 'GD-0082', 1, 3, '2017-10-20'),
(83, 5, 4, 5, 26, '2017-10-18 12:41:29', 'GD-0083', 1, 3, '2017-10-25'),
(84, 5, 4, 5, 27, '2017-10-18 12:44:37', 'GD-0084', 1, 3, '2017-11-14'),
(85, 5, 4, 5, 27, '2017-10-18 12:54:23', 'GD-0085', 1, 3, '2017-11-10'),
(86, 5, 4, 5, 27, '2017-10-18 01:04:08', 'GD-0086', 1, 3, '2017-11-10'),
(87, 5, 4, 5, 27, '2017-10-18 01:06:30', 'GD-0087', 1, 3, '2017-11-14'),
(88, 5, 4, 5, 27, '2017-10-18 01:09:16', 'GD-0088', 1, 3, '2017-11-10'),
(89, 5, 4, 5, 27, '2017-10-18 01:17:07', 'GD-0089', 1, 3, '2017-11-14'),
(90, 5, 4, 5, 27, '2017-10-18 01:19:01', 'GD-0090', 1, 3, '2017-11-14'),
(91, 5, 4, 5, 27, '2017-10-18 01:21:09', 'GD-0091', 1, 3, '2017-11-10'),
(92, 5, 4, 5, 27, '2017-10-18 01:23:23', 'GD-0092', 1, 1, '0000-00-00'),
(93, 5, 4, 5, 27, '2017-10-18 01:26:10', 'GD-0093', 1, 1, '0000-00-00'),
(94, 5, 4, 5, 27, '2017-10-18 01:29:42', 'GD-0094', 1, 3, '2017-11-10'),
(95, 5, 4, 5, 27, '2017-10-18 02:07:25', 'GD-0095', 1, 1, '0000-00-00'),
(96, 5, 4, 5, 27, '2017-10-18 02:11:01', 'GD-0096', 1, 3, '2017-11-14'),
(97, 5, 5, 5, 28, '2017-10-19 09:55:42', 'GD-0097', 1, 4, '0000-00-00'),
(98, 5, 4, 5, 29, '2017-10-19 03:15:20', 'GD-0098', 1, 1, '0000-00-00'),
(99, 5, 4, 5, 30, '2017-10-23 09:37:05', 'GD-0099', 1, 3, '2017-11-02'),
(100, 5, 4, 0, 27, '2017-10-25 12:49:28', 'GD-0100', 1, 1, '0000-00-00'),
(101, 5, 4, 0, 27, '2017-10-25 01:45:00', 'GD-0101', 1, 1, '0000-00-00'),
(102, 5, 4, 0, 27, '2017-10-25 01:48:15', 'GD-0102', 1, 1, '0000-00-00'),
(103, 5, 4, 24, 27, '2017-10-25 06:10:57', 'GD-0103', 1, 1, '0000-00-00'),
(104, 5, 4, 24, 27, '2017-10-25 06:16:03', 'GD-0104', 1, 1, '0000-00-00'),
(105, 5, 4, 24, 27, '2017-10-25 06:21:53', 'GD-0105', 1, 1, '0000-00-00'),
(106, 5, 4, 24, 27, '2017-10-25 06:24:34', 'GD-0106', 1, 1, '0000-00-00'),
(107, 5, 4, 24, 27, '2017-10-26 08:46:22', 'GD-0107', 1, 1, '0000-00-00'),
(108, 5, 4, 24, 27, '2017-10-26 08:49:44', 'GD-0108', 1, 1, '0000-00-00'),
(109, 5, 4, 24, 27, '2017-10-26 08:52:57', 'GD-0109', 1, 1, '0000-00-00'),
(110, 5, 4, 24, 27, '2017-10-26 08:55:51', 'GD-0110', 1, 1, '0000-00-00'),
(111, 5, 4, 24, 27, '2017-10-26 08:58:17', 'GD-0111', 1, 1, '0000-00-00'),
(112, 5, 4, 24, 27, '2017-10-26 09:00:35', 'GD-0112', 1, 1, '0000-00-00'),
(113, 5, 4, 24, 27, '2017-10-26 09:02:56', 'GD-0113', 1, 1, '0000-00-00'),
(114, 5, 0, 24, 27, '2017-10-26 09:05:04', 'GD-0114', 1, 1, '0000-00-00'),
(115, 5, 4, 24, 10, '2017-10-26 09:07:41', 'GD-0115', 1, 3, '2017-11-02'),
(116, 5, 1, 25, 31, '2017-10-26 09:10:47', 'GD-0116', 1, 3, '2017-10-25'),
(117, 5, 1, 25, 31, '2017-10-26 09:14:28', 'GD-0117', 1, 3, '2017-11-15'),
(118, 5, 1, 25, 32, '2017-10-26 09:19:26', 'GD-0118', 1, 3, '2017-10-26'),
(119, 5, 1, 25, 33, '2017-10-26 09:22:24', 'GD-0119', 1, 3, '2017-10-30'),
(120, 5, 1, 0, 34, '2017-10-26 09:25:41', 'GD-0120', 1, 1, '0000-00-00'),
(121, 5, 1, 22, 35, '2017-10-26 10:58:30', 'GD-0121', 1, 3, '2017-10-30'),
(122, 5, 4, 24, 10, '2017-10-30 09:46:47', 'GD-0122', 1, 3, '0017-12-31'),
(123, 5, 4, 24, 10, '2017-10-30 09:50:42', 'GD-0123', 1, 3, '2017-11-02'),
(124, 5, 4, 24, 10, '2017-10-30 09:54:01', 'GD-0124', 1, 1, '0000-00-00'),
(125, 5, 4, 24, 36, '2017-10-30 10:48:22', 'GD-0125', 1, 1, '0000-00-00'),
(126, 5, 4, 13, 5, '2017-10-30 10:51:00', 'GD-0126', 1, 1, '0000-00-00'),
(127, 5, 4, 13, 5, '2017-10-30 11:24:35', 'GD-0127', 1, 1, '0000-00-00'),
(128, 5, 4, 13, 5, '2017-10-30 12:05:14', 'GD-0128', 1, 1, '0000-00-00'),
(129, 5, 4, 13, 5, '2017-10-30 12:08:19', 'GD-0129', 1, 1, '0000-00-00'),
(130, 5, 4, 13, 5, '2017-10-30 12:12:04', 'GD-0130', 1, 1, '0000-00-00'),
(131, 5, 1, 22, 35, '2017-10-30 12:14:16', 'GD-0131', 1, 1, '0000-00-00'),
(132, 5, 1, 5, 37, '2017-10-30 06:04:46', 'GD-0132', 1, 1, '0000-00-00'),
(133, 5, 4, 24, 27, '2017-10-31 01:41:48', 'GD-0133', 1, 1, '0000-00-00'),
(134, 5, 4, 24, 27, '2017-10-31 01:57:43', 'GD-0134', 1, 1, '0000-00-00'),
(135, 5, 4, 18, 38, '2017-11-01 09:00:15', 'GD-0135', 1, 1, '0000-00-00'),
(136, 5, 4, 16, 6, '2017-11-01 09:06:53', 'GD-0136', 1, 1, '0000-00-00'),
(137, 5, 4, 20, 39, '2017-11-01 11:46:41', 'GD-0137', 1, 1, '0000-00-00'),
(138, 5, 4, 18, 40, '2017-11-01 11:49:39', 'GD-0138', 1, 1, '0000-00-00'),
(139, 5, 4, 24, 27, '2017-11-01 11:57:37', 'GD-0139', 1, 1, '0000-00-00'),
(140, 5, 4, 24, 27, '2017-11-01 03:55:28', 'GD-0140', 1, 1, '0000-00-00'),
(141, 5, 4, 24, 27, '2017-11-01 03:59:10', 'GD-0141', 1, 1, '0000-00-00'),
(142, 5, 4, 24, 27, '2017-11-01 04:01:35', 'GD-0142', 1, 1, '0000-00-00'),
(143, 5, 4, 24, 27, '2017-11-01 04:03:48', 'GD-0143', 1, 1, '0000-00-00'),
(144, 5, 4, 24, 27, '2017-11-01 04:07:57', 'GD-0144', 1, 1, '0000-00-00'),
(145, 5, 4, 24, 27, '2017-11-01 04:16:13', 'GD-0145', 1, 1, '0000-00-00'),
(146, 5, 4, 24, 27, '2017-11-01 04:21:04', 'GD-0146', 1, 1, '0000-00-00'),
(147, 5, 4, 24, 27, '2017-11-01 04:23:03', 'GD-0147', 1, 1, '0000-00-00'),
(148, 5, 4, 24, 27, '2017-11-01 04:25:02', 'GD-0148', 1, 1, '0000-00-00'),
(149, 5, 4, 24, 27, '2017-11-01 04:27:16', 'GD-0149', 1, 1, '0000-00-00'),
(150, 5, 4, 24, 27, '2017-11-01 04:32:31', 'GD-0150', 1, 1, '0000-00-00'),
(151, 5, 4, 24, 27, '2017-11-01 04:35:05', 'GD-0151', 1, 1, '0000-00-00'),
(152, 5, 4, 24, 27, '2017-11-01 04:37:14', 'GD-0152', 1, 1, '0000-00-00'),
(153, 5, 1, 22, 24, '2017-11-01 04:40:19', 'GD-0153', 1, 1, '0000-00-00'),
(154, 5, 5, 22, 41, '2017-11-01 04:44:29', 'GD-0154', 1, 3, '2017-11-02'),
(155, 5, 4, 24, 38, '2017-11-02 02:04:08', 'GD-0155', 1, 1, '0000-00-00'),
(156, 5, 4, 24, 42, '2017-11-02 02:19:38', 'GD-0156', 1, 1, '0000-00-00'),
(157, 5, 4, 24, 42, '2017-11-03 12:54:32', 'GD-0157', 1, 1, '0000-00-00'),
(158, 5, 4, 24, 42, '2017-11-03 12:57:55', 'GD-0158', 1, 1, '0000-00-00'),
(159, 5, 4, 24, 42, '2017-11-03 01:00:00', 'GD-0159', 1, 1, '0000-00-00'),
(160, 5, 4, 24, 42, '2017-11-03 01:02:26', 'GD-0160', 1, 1, '0000-00-00'),
(161, 5, 4, 24, 27, '2017-11-06 12:33:34', 'GD-0161', 1, 1, '0000-00-00'),
(162, 5, 4, 13, 43, '2017-11-06 01:09:46', 'GD-0162', 1, 1, '0000-00-00'),
(163, 5, 4, 18, 44, '2017-11-09 02:58:27', 'GD-0163', 1, 1, '0000-00-00'),
(164, 5, 1, 25, 45, '2017-11-09 03:04:12', 'GD-0164', 1, 1, '0000-00-00'),
(165, 5, 4, 24, 27, '2017-11-10 11:35:48', 'GD-0165', 1, 1, '0000-00-00'),
(166, 5, 4, 24, 27, '2017-11-10 11:38:31', 'GD-0166', 1, 1, '0000-00-00'),
(167, 5, 4, 24, 27, '2017-11-10 11:40:37', 'GD-0167', 1, 1, '0000-00-00'),
(168, 5, 4, 24, 27, '2017-11-10 11:43:08', 'GD-0168', 1, 1, '0000-00-00'),
(169, 5, 4, 24, 27, '2017-11-10 11:45:16', 'GD-0169', 1, 1, '0000-00-00'),
(170, 5, 4, 24, 27, '2017-11-10 11:47:16', 'GD-0170', 1, 1, '0000-00-00'),
(171, 5, 4, 24, 27, '2017-11-10 11:49:11', 'GD-0171', 1, 1, '0000-00-00'),
(172, 5, 4, 18, 46, '2017-11-13 05:40:29', 'GD-0172', 1, 1, '0000-00-00'),
(173, 5, 4, 18, 46, '2017-11-13 05:49:54', 'GD-0173', 1, 1, '0000-00-00'),
(174, 5, 4, 24, 27, '2017-11-13 05:52:02', 'GD-0174', 1, 1, '0000-00-00'),
(175, 5, 4, 24, 27, '2017-11-13 05:54:55', 'GD-0175', 1, 1, '0000-00-00'),
(176, 5, 4, 24, 27, '2017-11-13 05:57:02', 'GD-0176', 1, 1, '0000-00-00'),
(177, 5, 4, 24, 27, '2017-11-13 05:59:25', 'GD-0177', 1, 1, '0000-00-00'),
(178, 5, 4, 24, 27, '2017-11-13 06:01:30', 'GD-0178', 1, 1, '0000-00-00'),
(179, 5, 4, 24, 27, '2017-11-13 06:03:28', 'GD-0179', 1, 1, '0000-00-00'),
(180, 5, 4, 24, 27, '2017-11-13 06:06:19', 'GD-0180', 1, 1, '0000-00-00'),
(181, 5, 4, 24, 27, '2017-11-13 06:08:21', 'GD-0181', 1, 1, '0000-00-00'),
(182, 5, 1, 25, 31, '2017-11-15 12:48:19', 'GD-0182', 1, 1, '0000-00-00');

-- --------------------------------------------------------

--
-- Estructura de tabla para la tabla `controlVehiculo`
--

CREATE TABLE IF NOT EXISTS `controlVehiculo` (
  `id` int(11) NOT NULL AUTO_INCREMENT,
  `idControlRecibe` int(11) NOT NULL,
  `noPedido` varchar(20) NOT NULL,
  `noOperacion` varchar(20) NOT NULL,
  `noSerie` varchar(50) NOT NULL,
  `chasis` varchar(50) NOT NULL,
  `modelo` varchar(10) NOT NULL,
  `anio` varchar(10) NOT NULL,
  `placa` varchar(20) NOT NULL,
  PRIMARY KEY (`id`)
) ENGINE=InnoDB  DEFAULT CHARSET=latin1 AUTO_INCREMENT=183 ;

--
-- Volcado de datos para la tabla `controlVehiculo`
--

INSERT INTO `controlVehiculo` (`id`, `idControlRecibe`, `noPedido`, `noOperacion`, `noSerie`, `chasis`, `modelo`, `anio`, `placa`) VALUES
(1, 1, 'T-4766', '10591', '3049', 'NISSAN', 'NP 300', '2018', 'JV54860'),
(2, 2, '', '', '6894', 'FREIGHTLAINER', 'M2', '2010', 'JP71149'),
(3, 3, 'T-4706', '10745', '6734', 'FORD', 'F-450', '2018', 'S/P'),
(4, 4, 't4695', '10742', '2735', 'KENWORTH', 'T-300', '2017', 'AF-38680'),
(5, 5, 'T-4750', '10946', '0994', 'FREIGTHLAINER', 'M2', '2017', 'S/P'),
(6, 6, 'T-4750', '10949', '0997', 'FREIGHTLINER', 'M2', '2017', 'S/P'),
(7, 7, 'T-4750', '10947', '0995', 'FREIGHTLAINER', 'M2', '2018', 'S/P'),
(8, 8, 'T-4750', '10948', '0996', 'FREIGHLINER', 'M2', '2017', 'S/P'),
(9, 9, 'T-4750', '10950', '1005', 'FREIGHLINER', 'M2', '2017', 's/p'),
(10, 10, 'T-4712', '10776', '1017', 'HINO 300 ', 'HYBRIDO 51', '2017', 'S/P'),
(11, 11, 'T-4711', '10772', '1013', 'HINO 300', 'HYBRIDO 51', '2017', 'S/P'),
(12, 12, 'T-4711', '10773', '1014', 'HINO 300', 'HYBRIDO 51', '2017', 'S/P'),
(13, 13, 'T-4711', '10774', '1015', 'HINO 300', 'HYBRIDO 51', '2017', 'S/P'),
(14, 14, 'T-4711', '10770', '1011', 'HINO 300', 'HYBRIDO 51', '2017', 'S/P'),
(15, 15, 'T-4712', '10775', '1016', 'HINO 300', 'hybrido 51', '2017', 's/p'),
(16, 16, 'T-4711', '10771', '1012', 'HINO 300 ', 'HYBRID 516', '2017', 'S/P'),
(17, 17, 'T-4697', '10744', '9706', 'NISSAN ', 'NP 300', '2018', 's/p'),
(18, 18, 'T-4698', '10745', '9646', 'NISSAN', 'NP300', '2018', 'S/P'),
(19, 19, 'T-4774', '10980', '6160', 'NISSAN', 'NP300', '2018', 'S/P'),
(20, 20, 'T-4774', '10981', '6243', 'NISSAN', 'NP300', '2018', 'S/P'),
(21, 21, 'T-4774', '10979', '6195', 'NISSAN', 'NP300', '2018', 'S/P'),
(22, 22, 'T-4599', '10537', '6058', 'NISSAN', 'NP300', '2018', 'S/P'),
(23, 23, 'T-4599', '10536', '6002', 'NISSAN', 'NP300', '2018', 'S/P'),
(24, 24, 't-4700', '10747', '4216', 'FORD', 'F-450', '2017', 'MU-7844S'),
(25, 25, 'T-4691', '10732', '0799', 'VOLKSWAGEN', 'DELYVERY 9', '2017', 'S/P'),
(26, 26, 'T-4692', '10736', '0945', 'VOLKSWAGEN', 'DELIVERY 9', '2018', 'S/P'),
(27, 27, 'T-4691', '10733', '0947', 'VOLKSWAGEN', 'DELIVERY 9', '2018', 'S/P'),
(28, 28, 'T-4690', '10731', '0805', 'VOLKSWAGEN', 'WORKLINE  ', '2018', 'S/P'),
(29, 29, 'T-4690', '10730', '9855', 'VOLKSWAGEN', 'WORKLINE 9', '2018', 'S/P'),
(30, 30, 'T-4669', '10685', '3243', 'ISUZU', 'ELF 400', '2017', 'S/P'),
(31, 31, 'T-4669', '10684', '3242', 'ISUZU', 'ELF 400', '2018', 'S/P'),
(32, 32, 'T-4670', '10686', '3244', 'ISUZU', 'ELF 400', '2018', 'S/P'),
(33, 33, 'T.4669', '10681', '3065', 'ISUZU ', 'ELF 400', '2018', 'S/P'),
(34, 34, 'T-4670', '10687', '3247', 'ISUZU ', 'ELF 400', '2018', 'S/P'),
(35, 35, 'T-4669', '10683', '3241', 'ISUZU ', 'ELF 400', '2018', 'S/P'),
(36, 36, 'T-4669', '10682', '3072', 'ISUZU', 'ELF400', '2018', 'S/P'),
(37, 37, 'T-4670', '10690', '3250', 'ISUZU ', 'ELF 400', '2018', 's/p'),
(38, 38, 'T-4670', '10688', '3248', 'ISUZU ', 'ELF 400', '2018', 'S/P'),
(39, 39, 'T-4670', '10689', '3249', 'ISUZU', 'ELF 400', '2018', 'S/P'),
(40, 40, 'T-4798', '11011', '3251', 'ISUZU ', 'ELF 400', '2018', 'S/P'),
(41, 41, 'T-4563', '10479', '7374', 'NISSAN', 'NP300', '2017', 'JV-50283'),
(42, 42, 'T-4696', '10743', '0133', 'ISUZU ', 'ELF 100', '2017', 'JV-46267'),
(43, 43, 'T-4672', '10692', '0735', 'FREIGHLAINER', 'FL360', '2017', 'S/P'),
(44, 44, 'T-4685', '10710', '1173', 'FREIHGLAINER', 'M2', '2017', 'XX-53845'),
(45, 45, 'T-4748', '10942', '1305', 'INTERNATIONAL ', 'CITY STAR', '2017', 'S/P'),
(46, 46, 'T-4693', '10740', '2456', 'NISSAN', 'NP300', '2017', 'S/P'),
(47, 47, 'T-4688', '10722', '3165', 'HINO', '500', '2018', 'S/P'),
(48, 48, 'T-4687', '10719', '3162', 'HINO ', '500', '2018', 'S/P'),
(49, 49, 'T-4698', '10726', '3169', 'HINO ', '500', '2018', 'S/P'),
(50, 50, 'T-4688', '10724', '3167', 'HINO', '500', '2018', 'S/P'),
(51, 51, 'T-4688', '10723', '3166', 'HINO ', '500', '2018', 'S/P'),
(52, 52, 'T-4687', '10718', '3161', 'HINO', '500', '2018', 'S/P'),
(53, 53, 'T-4687', '10717', '3160', 'HINO', '500', '2018', 'S/P'),
(54, 54, 'T-4688', '10725', '3168', 'HINO', '500', '2018', 'S/P'),
(55, 55, 'T-4687', '10716', '3159', 'HINO', '500', '2018', 'S/P'),
(56, 56, 'T-4687', '10720', '3163', 'HINO', '500', '2018', 's/p'),
(57, 57, 'T-4688', '10721', '3164', 'HINO ', '500', '2018', 'S/P'),
(58, 58, 'T-4639', '10618', '9232', 'FORD', 'F-350', '2017', 'LB-84737'),
(59, 59, 'T-4638', '10616', '1803', 'FORD', 'F-350', '2017', 'LB-84727'),
(60, 60, 'T-4639', '10617', '1820', 'FORD', 'F-350', '2017', 'LB-84747'),
(61, 61, 'T-4638', '10614', '3546', 'FORD ', 'F-350', '2017', 'LB-84735'),
(62, 62, 'T-4638', '10615', '9229', 'FORD', 'F-450', '2017', 'LB-84728'),
(63, 63, 'T-4668', '10676', '0002', 'ISUZU', 'ELF 400', '2018', 'S/P'),
(64, 64, '', '', '9375', 'INTERNATIONAL', 'M2', '2016', 'JV-17547'),
(65, 65, 'T-4710', '10769', '8039', 'TOYOTA', 'HILUX', '2017', 'JV-21988'),
(66, 66, 'T-4642', '10627', '2461', 'FREIGHLAINER', 'M2', '2009', 'LA-71318'),
(67, 67, 'T-4682', '10703', '7491', 'FREIGHTLAINER', 'M2 35K', '2017', 'S/P'),
(68, 68, 'T-4681', '10702', '2688', 'FREIGHTLAINER', 'M2', '2017', 'S/P'),
(69, 69, 'T-4713', '10778', '2359', 'FREIGHLAINER', 'M2', '2018', 'S/P'),
(70, 70, 'T-4692', '10739', '9852', 'VOLKSWAGEN', 'WORKLINE 9', '2018', 'S/P'),
(71, 71, 'T-4692', '10737', '1218', 'VOLKSWAGEN', 'WORKLINE 9', '2018', 'S/P'),
(72, 72, 'T-4691', '10734', '0077', 'VOLKSWAGEN', 'WORKLINE 9', '2017', 'S/P'),
(73, 73, 'T-4690', '10730', '0265', 'VOLKSWAGEN', 'WORKLINE 9', '2017', 'S/P'),
(74, 74, 'T-4692', '10738', '0809', 'VOLKSWAGEN', 'WORKLINE 9', '2018', 'S/P'),
(75, 75, 'T-4752', '10944', '0216', 'NISSAN ', 'NP300', '2017', 'MU-7897R'),
(76, 76, 'T-4775', '10985', '3451', 'RAM', 'HEMI 5.7 L', '2017', 'JV-54686'),
(77, 77, 'T-4775', '10986', '4345', 'RAM', 'HEMI 5.7 L', '2017', 'JV-54688'),
(78, 78, 'T-4775', '10984', '2952', 'RAM', 'HEMI 5.7 L', '2017', 'JV-54689'),
(79, 79, 'T-4775', '10987', '6091', 'RAM', 'HEMI 5.7 L', '2017', 'JV-54687'),
(80, 80, 'S-6537', '13058', '0996', 'NISSAN ', 'NP300 ', '2015', 'JU-27148'),
(81, 81, 'T-1632', '4018', '2249', 'ISUZU', 'ELF500', '2017', 'JV.25420'),
(82, 82, '', '', '1805', 'VOLKSWAGEN', 'TRANSPORTE', '2018', 'S/P'),
(83, 83, 'T-4565', '10481', '5844', 'NISSAN', 'NP300', '2018', 'JV-61027'),
(84, 84, 'T-4716', '10787', '3095', 'HINO', '300', '2018', 'S/P'),
(85, 85, 'T-4715', '10781', '3075', 'HINO', '300', '2018', 'S/P'),
(86, 86, 'T-4715', '10780', '3069', 'HINO', '300', '2018', 'S/P'),
(87, 87, 'T-4715', '10783', '3089', 'HINO', '300', '2018', 'S/P'),
(88, 88, 'T-4715', '10784', '3090', 'HINO', '300', '2018', 'S/P'),
(89, 89, 'T-4716', '10785', '3092', 'HINO', '300', '2018', 'S/P'),
(90, 90, 'T-4716', '10789', '3097', 'HINO', '300', '2018', 'S/P'),
(91, 91, 'T-4715', '10782', '3082', 'HINO ', '300', '2018', 'S/P'),
(92, 92, 'T-4717', '10791', '3101', 'HINO', '300', '2018', 'S/P'),
(93, 93, 'T-4717', '10790', '3100', 'HINO', '300', '2018', 'S/P'),
(94, 94, 'T-4716', '10786', '3094', 'HINO', '300', '2018', 'S/P'),
(95, 95, 'T-4717', '10792', '3102', 'HINO', '300', '2018', 'S/P'),
(96, 96, 'T-4716', '10788', '3096', 'HINO', '300', '2018', 'S/P'),
(97, 97, '', '', '3443', 'FORD', 'F.450', '2017', 'S/P'),
(98, 98, 'T-4703', '', '7540', 'FORD', 'F-350', '2017', 'LB54489'),
(99, 99, '', '', '6075', 'NISSAN', 'NP 300', '2018', 'JV-61177'),
(100, 100, 'T-4720', '10807', '3138', 'HINO 300', 'EURO 616', '2018', 'S/P'),
(101, 101, 'T-4718', '10795', '3115', 'HINO 300', 'EURO 616', '2018', 'S/P'),
(102, 102, 'T-4719', '10800', '3122', 'HINO 300', 'EURO 616', '2018', 'S/P'),
(103, 103, 'T-4717', '10793', '3112', 'HINO 300', 'EURO4 616', '2018', 'S/P'),
(104, 104, 'T-4717', '10794', '3113', 'HINO 300', 'EURO4  616', '2018', 'S/P'),
(105, 105, 'T-4720', '10805', '3135', 'HINO 300', 'EURO 4   6', '2018', 'S/P'),
(106, 106, 'T-4719', '10803', '3133', 'HINO 300', 'EURO 4  61', '2018', 'S/P'),
(107, 107, 'T-4718', '10796', '3116', 'HINO 500', 'EURO 4  61', '2018', 'S/P'),
(108, 108, 'T-4718', '10799', '3121', 'HINO 500', 'EURO 4   6', '2018', 'S/P'),
(109, 109, 'T-4719', '10801', '3123', 'HINO 500', 'EURO 4  61', '2018', 'S/P'),
(110, 110, 'T-4719', '10804', '3134', 'HINO 300', 'EURO 4  61', '2018', 'S/P'),
(111, 111, 'T-4719', '10802', '3132', 'HINO 300', 'EURO 4  61', '2018', 'S/P'),
(112, 112, 'T-4718', '10798', '3120', 'HINO 300', 'EURO 4  61', '2018', 'S/P'),
(113, 113, 'T-4720', '10806', '3137', 'HINO 300', 'EURO 4   6', '2018', 'S/P'),
(114, 114, 'T-4718', '10797', '3118', 'HINO 300', 'EURO 4  61', '2018', 's/p'),
(115, 115, 'T-4690', '10728', '1682', 'VW', 'WORKLINE 9', '2017', 'S/P'),
(116, 116, '', '', '1239', 'DODGE', 'H-100', '2008', 'FH-80202'),
(117, 117, '', '', '2091', 'DODGE', 'H-100', '2008', 'FC-4860-A'),
(118, 118, 's-6560', '', '0993', 'NISSAN ', 'NP 300', '2017', 'JV-39514'),
(119, 119, '', '', '2935', 'HINO 500', '1018', '2017', 'LB-46628'),
(120, 120, '', '', '8243', 'INTERNATIONAL', 'CITYSTAR', '2015', 'RJ-59247'),
(121, 121, '', '', '7732', 'NISSAN ', 'NP 300', '2012', 'JS-83653'),
(122, 122, 'T-4690', '10729', '0323', 'VOLKSWAGEN', 'WORKLINE 9', '2017', 'S/P'),
(123, 123, 'T-4690', '10727', '8701', 'VOLKSWAGEN', 'WORKLINE 9', '2017', 'S/P'),
(124, 124, 'T-4780', '10992', '0117', 'ISUZU', ' ELF 100', '2018', 'S/P'),
(125, 125, 'T-4780', '10992', '0117', 'ISUZU ', 'ELF 100', '2018', 'S/P'),
(126, 126, 'T-4753', '10951', '0998', 'FREIGHLAINER', 'M2', '2017', 'S/P'),
(127, 127, 'T-4753', '10952', '0999', 'FREIGLHLAINER', 'M2', '2017', 'S/P'),
(128, 128, 'T-4753', '10953', '1000', 'FREIGHLAINER', 'M2', '2017', 'S/P'),
(129, 129, 'T-4753', '10954', '1001', 'FREIGHLAINER', 'M2', '2017', 'S/P'),
(130, 130, 'T-4799', '11012', '1002', 'FREIGHLAINER', 'M2', '2017', 'S/P'),
(131, 131, '', '', '1161', 'NISSAN', 'NP 300', '2014', 'JT-46879'),
(132, 132, '', '', '5235', 'PEUGEOT', 'PARTNER', '2018', 's/P'),
(133, 133, 'T-4720', '10808', '1029', 'HINO 300', 'EURO 4 616', '2017', 'S/P'),
(134, 134, 'T-4720', '10809', '1030', 'HINO 300', 'EURO 4 616', '2018', 'S/P'),
(135, 135, 'T-4674', '', '7603', 'TOYOTA', 'HILUX', '2017', 'GC-7040-A'),
(136, 136, 'T-4762', '10963', '2314', 'HINO', '816', '2017', 'S/P'),
(137, 137, 'T-4818', '11056', '0160', 'ISUZU ', 'ELF 100', '2017', 'S/P'),
(138, 138, 'T-4601', '10541', '4269', 'VW', 'ADVANTECH ', '2017', 'S/P'),
(139, 139, 'T-4723', '10823', '3158', 'HINO  300', '616', '2018', 'S/P'),
(140, 140, 'T-4723', '10822', '3157', 'HINO 300', '616', '2018', 'S/P'),
(141, 141, 'T-4723', '10821', '3155', 'hino 300', '616', '2017', 'S/P'),
(142, 142, 'T-4723', '10820', '3154', 'hino 300', '616', '2018', 's/p'),
(143, 143, 'T-4722', '10819', '3153', 'HINO 300', '616', '2018', 's/p'),
(144, 144, 'T-4722', '10818', '3152', 'HINO 300', '616', '2018', 'S/P'),
(145, 145, 'T-4722', '10817', '3151', 'HINO 300', '616', '2018', 'S/P'),
(146, 146, 'T-4722', '10816', '3150', 'HINO 300', '616', '2018', 'S/P'),
(147, 147, 'T-4722', '10815', '3149', 'HINO 300', '616', '2018', 'S/P'),
(148, 148, 'T-4721', '10814', '3148', 'HINO 300', '616', '2018', 'S/P'),
(149, 149, 'T-4721', '10813', '3146', 'HINO 300', '616', '2018', 'S/P'),
(150, 150, 'T-4721', '19812', '3144', 'HINO 300', '616', '2018', 'S/P'),
(151, 151, 'T-4721', '10811', '3143', 'HINO 300', '616', '2018', 'S/P'),
(152, 152, 'T-4721', '10810', '3141', 'HINO 300', '616', '2018', 'S/P'),
(153, 153, '', '', '2771', 'DODGE ', 'RAM 4000', '2010', 'JR-69152'),
(154, 154, '', '', '1805', 'VOLKSWagen', 'TRANSPORTE', '2017', 'JV-61002'),
(155, 155, 'T-4800', '11014', '7642', 'NISSAN ', 'NP 300', '2017', 'S/P'),
(156, 156, 'T-4800', '11013', '4072', 'NISSAN ', 'NP 300', '2017', 'S/P'),
(157, 157, 't-4800', '11016', '9374', 'NISSAN', 'NP 300', '2017', 'S/P'),
(158, 158, 'T-4800', '11015', '9373', 'NISSAN', 'NP 300', '2017', 'S/P'),
(159, 159, 'T-4801', '11018', '9511', 'NISSAN ', 'NP 300', '2017', 'S/P'),
(160, 160, 'T-4800', '11017', '4772', 'NISSAN ', 'NP 300', '2017', 'S/P'),
(161, 161, 'T-4720', '10808', '3142', 'HINO 300', '616', '2017', 'S/P'),
(162, 162, 't-4751', '10945', '9506', 'KENWORTH', 'T-300', '2012', '163-AN-4'),
(163, 163, 'T-4765', '', '0590', 'NISSAN', 'NP 300', '2018', 'S/P'),
(164, 164, '', '', '9745', 'FORD', 'F-450 SUPE', '2011', 'JR-93449'),
(165, 165, 'T-4724', '10829', '3175', 'HINO 300', '616', '2018', 'S/P'),
(166, 166, 'T-4720', '10809', '3167', 'HINO 300', '616', '2018', 'S/P'),
(167, 167, 'T-4724', '10828', '3174', 'HINO 300 ', '616', '2018', 'S/P'),
(168, 168, 'T-4723', '10824', '3170', 'HINO 300', '616', '2018', 'S/P'),
(169, 169, 'T-4724', '10827', '3173', 'hino 300', '616', '2018', 'S/P'),
(170, 170, 'T-4724', '10825', '3171', 'HINO 300', ' 616', '2018', 'S/P'),
(171, 171, 'T-4724', '10826', '3172', 'HINO 300', '616', '2018', 'S/P'),
(172, 172, 'T-4604', '10547', '3173', 'NISSAN', 'NP 300', '2018', 'S/P'),
(173, 173, 'T-4604', '10549', '3895', 'NISSAN', 'NP 300', '2018', 'S/P'),
(174, 174, 'T-4725', '10831', '3178', 'HINO  300', '616', '2018', 'S/P'),
(175, 175, 'T-4725', '10830', '3177', 'HINO 300', '616', '2018', 'S/P'),
(176, 176, 'T-4725', '10834', '3262', 'HINO 300', '616', '2018', 'S/P'),
(177, 177, 'T-4725', '10832', '3180', 'HINO 300', '616', '2018', 'S/P'),
(178, 178, 'T-4726', '10837', '3265', 'HINO 300', '616', '2018', 'S/P'),
(179, 179, 'T-4726', '10836', '3264', 'HINO 300', '616', '2018', 'S/P'),
(180, 180, 'T-4725', '10833', '3261', 'HINO 300', '616', '2018', 's/p'),
(181, 181, 'T-4726', '10835', '3263', 'HINO 300', '616', '2018', 'S/P'),
(182, 182, 'SERVICIO', '', '2381', 'DODGE', 'H-100', '2007', 'FH-84209');

-- --------------------------------------------------------

--
-- Estructura de tabla para la tabla `in_accesorios`
--

CREATE TABLE IF NOT EXISTS `in_accesorios` (
  `id` int(11) NOT NULL AUTO_INCREMENT,
  `nombre` varchar(100) NOT NULL,
  `status` int(11) NOT NULL,
  `columna` int(1) NOT NULL,
  PRIMARY KEY (`id`)
) ENGINE=InnoDB  DEFAULT CHARSET=latin1 AUTO_INCREMENT=34 ;

--
-- Volcado de datos para la tabla `in_accesorios`
--

INSERT INTO `in_accesorios` (`id`, `nombre`, `status`, `columna`) VALUES
(1, 'Llanta de refaccion', 1, 1),
(2, 'Porta Llanta', 1, 1),
(3, 'Rin', 1, 1),
(4, 'Gato Hidraulico', 1, 1),
(5, 'Extintor', 1, 1),
(6, 'Maneral', 1, 1),
(7, 'Herramienta', 1, 1),
(8, 'Llave de rueda', 1, 1),
(9, 'Triangulos reflejantes', 1, 1),
(10, 'Placa delantera', 1, 1),
(11, 'Placa trasera', 1, 1),
(12, 'Duplicado de llaves', 1, 2),
(13, 'Encendedor', 1, 2),
(14, 'Tapetes', 1, 2),
(15, 'Tapon de combustible', 1, 2),
(16, 'Llaves de gas', 1, 2),
(17, 'Tapa de la bateria', 1, 2),
(18, 'Cables pasa corriente', 1, 2),
(19, 'Luces de chasis', 1, 2),
(20, 'Luces de caja', 1, 2),
(21, 'Esterio o radio', 1, 2),
(22, 'Espejos laterales', 1, 2),
(23, 'Tarjeta de circulacion', 1, 3),
(24, 'Pago de tenencia', 1, 3),
(25, 'Engomado de tenencia', 1, 3),
(26, 'Poliza de seguro', 1, 3),
(27, 'Carta factura', 1, 3),
(28, 'Manual del propietario', 1, 3),
(29, 'Poliza garantia agencia', 1, 3),
(30, 'Permiso provisional', 1, 3),
(31, 'Correcta conexion de bateria', 1, 3),
(32, 'Parabrisas', 1, 3),
(33, 'Antena', 1, 3);

-- --------------------------------------------------------

--
-- Estructura de tabla para la tabla `in_clientes`
--

CREATE TABLE IF NOT EXISTS `in_clientes` (
  `id` int(11) NOT NULL AUTO_INCREMENT,
  `nombre` varchar(200) NOT NULL,
  `RFC` varchar(20) NOT NULL,
  `razon` varchar(200) NOT NULL,
  `calle` varchar(100) NOT NULL,
  `numero` varchar(10) NOT NULL,
  `interior` varchar(10) NOT NULL,
  `colonia` varchar(200) NOT NULL,
  `cp` varchar(10) NOT NULL,
  `ciudad` varchar(200) NOT NULL,
  `municipio` varchar(200) NOT NULL,
  `estado` varchar(200) NOT NULL,
  `telefono` varchar(200) NOT NULL,
  `email` varchar(200) NOT NULL,
  `status` int(1) NOT NULL,
  PRIMARY KEY (`id`)
) ENGINE=InnoDB  DEFAULT CHARSET=latin1 AUTO_INCREMENT=47 ;

--
-- Volcado de datos para la tabla `in_clientes`
--

INSERT INTO `in_clientes` (`id`, `nombre`, `RFC`, `razon`, `calle`, `numero`, `interior`, `colonia`, `cp`, `ciudad`, `municipio`, `estado`, `telefono`, `email`, `status`) VALUES
(1, 'LUIS BARUCH', '', '', '', '', '', '', '', '', '', '', '', '', 0),
(2, 'SEAO SERVICIOS ESTRELLA AZUL', '', '', '', '', '', '', '', '', '', '', '', '', 0),
(3, 'MATERIAS PRIMAS LA CONCEPCION', '', '', '', '', '', '', '', '', '', '', '', '', 0),
(4, 'LACTEOS LA MONTESA', '', '', '', '', '', '', '', '', '', '', '', '', 0),
(5, 'TRANSPORTES UNIDOS DE MORELOS', '', '', '', '', '', '', '', '', '', '', '', '', 0),
(6, 'IMPULSORA DE TRANSPORTES MEXICANOS', '', '', '', '', '', '', '', '', '', '', '', '', 0),
(7, 'IMPULSORA DE MERCADO DE MEXICO', '', '', '', '', '', '', '', '', '', '', '', '', 0),
(8, 'ALIMENTOS LA CONCORDIA', '', '', '', '', '', '', '', '', '', '', '', '', 0),
(9, 'ARCO PRIME', '', '', '', '', '', '', '', '', '', '', '', '', 0),
(10, 'ELEMENT FLEET MANAGEMENT (PILGRIMS)', '', '', '', '', '', '', '', '', '', '', '', '', 0),
(11, 'LECHE 19 HERMANOS', '', '', '', '', '', '', '', '', '', '', '', '', 0),
(12, 'JOSE DE JESUS RODRIGUEZ N', '', '', '', '', '', '', '', '', '', '', '', '', 0),
(13, 'JESUS MANUEL VALENZUELA (FRUTAMEX)', '', '', '', '', '', '', '', '', '', '', '', '', 0),
(14, 'TRANSPORTES IGUIZA', '', '', '', '', '', '', '', '', '', '', '', '', 0),
(15, 'CARNES ANNIE', '', '', '', '', '', '', '', '', '', '', '', '', 0),
(16, 'AGENCIAS MERCANTILES', '', '', '', '', '', '', '', '', '', '', '', '', 0),
(17, 'NEW TRANSPORT ', '', '', '', '', '', '', '', '', '', '', '', '', 0),
(18, 'CORPORATIVO DESTILERIA SANTA LUCIA', '', '', '', '', '', '', '', '', '', '', '', '', 0),
(19, 'MARTHA MONTES MARTIN', '', '', '', '', '', '', '', '', '', '', '', '', 0),
(20, 'PACIFIC STAR', '', '', '', '', '', '', '', '', '', '', '', '', 0),
(21, 'BEST PLANT SPR', '', '', '', '', '', '', '', '', '', '', '', '', 0),
(22, 'FERRETERIA CORONA', '', '', '', '', '', '', '', '', '', '', '', '', 0),
(23, 'SANDRA MARTINEZ MARTINEZ', '', '', '', '', '', '', '', '', '', '', '', '', 0),
(24, 'DANIEL OCEGUERA (BAHIA BLANCA)', '', '', '', '', '', '', '', '', '', '', '', '', 0),
(25, 'LICEN PATRIA SA DE CV', '', '', '', '', '', '', '', '', '', '', '', '', 0),
(26, 'CARNICERIAS LA ESTANCIA', '', '', '', '', '', '', '', '', '', '', '', '', 0),
(27, 'SELLO ROJO DEL NORTE SA DE CV', '', '', '', '', '', '', '', '', '', '', '', '', 0),
(28, 'BACHOCO', '', '', '', '', '', '', '', '', '', '', '', '', 0),
(29, 'INTRODUCTORA DE ALIMENTOS S DE RL', '', '', '', '', '', '', '', '', '', '', '', '', 0),
(30, 'NUEVA MENTALIDAD MEXICANA', '', '', '', '', '', '', '', '', '', '', '', '', 0),
(31, 'TOPER CONSTRUCCIONES SA DE CV', '', '', '', '', '', '', '', '', '', '', '', '', 0),
(32, 'MAYRA JANETH GONZALEZ', '', '', '', '', '', '', '', '', '', '', '', '', 0),
(33, 'DANONE', '', '', '', '', '', '', '', '', '', '', '', '', 0),
(34, 'AVERY DENNISON', '', '', '', '', '', '', '', '', '', '', '', '', 0),
(35, 'API GLOBAL SA DE CV', '', '', '', '', '', '', '', '', '', '', '', '', 0),
(36, 'EMBUTIDOS CORONA', '', '', '', '', '', '', '', '', '', '', '', '', 0),
(37, 'GALOJAL PEUGUOT', '', '', '', '', '', '', '', '', '', '', '', '', 0),
(38, 'IVAN DE JESUS MAGAÃ‘A ', '', '', '', '', '', '', '', '', '', '', '', '', 0),
(39, 'CONCESIONARIA CENTRAL', '', '', '', '', '', '', '', '', '', '', '', '', 0),
(40, 'HELADOS JIMLO', '', '', '', '', '', '', '', '', '', '', '', '', 0),
(41, 'TRADAL CARNES PACHULAS', '', '', '', '', '', '', '', '', '', '', '', '', 0),
(42, 'COMERCIALIZADORA PORCICOLA MEXICANA SA DE CV', '', '', '', '', '', '', '', '', '', '', '', '', 0),
(43, 'DOMINGO ALVA', '', '', '', '', '', '', '', '', '', '', '', '', 0),
(44, 'EMPACADORA DE CARNES SAN-DI DE OAXACA', '', '', '', '', '', '', '', '', '', '', '', '', 0),
(45, 'DISTRIBUIDORA SAJOR SA DE CV', '', '', '', '', '', '', '', '', '', '', '', '', 0),
(46, 'ALIMENTOS LAS MORAS', '', '', '', '', '', '', '', '', '', '', '', '', 0);

-- --------------------------------------------------------

--
-- Estructura de tabla para la tabla `in_estatus`
--

CREATE TABLE IF NOT EXISTS `in_estatus` (
  `id` int(11) NOT NULL AUTO_INCREMENT,
  `nombre` varchar(30) COLLATE latin1_spanish_ci NOT NULL,
  PRIMARY KEY (`id`)
) ENGINE=MyISAM  DEFAULT CHARSET=latin1 COLLATE=latin1_spanish_ci AUTO_INCREMENT=5 ;

--
-- Volcado de datos para la tabla `in_estatus`
--

INSERT INTO `in_estatus` (`id`, `nombre`) VALUES
(1, 'En terreno'),
(2, 'En planta'),
(3, 'Entregado'),
(4, 'TOT');

-- --------------------------------------------------------

--
-- Estructura de tabla para la tabla `in_estatusAccesorios`
--

CREATE TABLE IF NOT EXISTS `in_estatusAccesorios` (
  `id` int(11) NOT NULL AUTO_INCREMENT,
  `descripcion` varchar(100) NOT NULL,
  `status` int(11) NOT NULL,
  PRIMARY KEY (`id`)
) ENGINE=InnoDB DEFAULT CHARSET=latin1 AUTO_INCREMENT=1 ;

-- --------------------------------------------------------

--
-- Estructura de tabla para la tabla `in_folios`
--

CREATE TABLE IF NOT EXISTS `in_folios` (
  `id` int(11) NOT NULL AUTO_INCREMENT,
  `consecutivo` int(11) NOT NULL,
  `idSucursal` int(11) NOT NULL,
  `Folio` varchar(10) COLLATE latin1_spanish_ci NOT NULL,
  PRIMARY KEY (`id`)
) ENGINE=MyISAM  DEFAULT CHARSET=latin1 COLLATE=latin1_spanish_ci AUTO_INCREMENT=183 ;

--
-- Volcado de datos para la tabla `in_folios`
--

INSERT INTO `in_folios` (`id`, `consecutivo`, `idSucursal`, `Folio`) VALUES
(1, 1, 1, 'GD-0001'),
(2, 2, 1, 'GD-0002'),
(3, 3, 1, 'GD-0003'),
(4, 4, 1, 'GD-0004'),
(5, 5, 1, 'GD-0005'),
(6, 6, 1, 'GD-0006'),
(7, 7, 1, 'GD-0007'),
(8, 8, 1, 'GD-0008'),
(9, 9, 1, 'GD-0009'),
(10, 10, 1, 'GD-0010'),
(11, 11, 1, 'GD-0011'),
(12, 12, 1, 'GD-0012'),
(13, 13, 1, 'GD-0013'),
(14, 14, 1, 'GD-0014'),
(15, 15, 1, 'GD-0015'),
(16, 16, 1, 'GD-0016'),
(17, 17, 1, 'GD-0017'),
(18, 18, 1, 'GD-0018'),
(19, 19, 1, 'GD-0019'),
(20, 20, 1, 'GD-0020'),
(21, 21, 1, 'GD-0021'),
(22, 22, 1, 'GD-0022'),
(23, 23, 1, 'GD-0023'),
(24, 24, 1, 'GD-0024'),
(25, 25, 1, 'GD-0025'),
(26, 26, 1, 'GD-0026'),
(27, 27, 1, 'GD-0027'),
(28, 28, 1, 'GD-0028'),
(29, 29, 1, 'GD-0029'),
(30, 30, 1, 'GD-0030'),
(31, 31, 1, 'GD-0031'),
(32, 32, 1, 'GD-0032'),
(33, 33, 1, 'GD-0033'),
(34, 34, 1, 'GD-0034'),
(35, 35, 1, 'GD-0035'),
(36, 36, 1, 'GD-0036'),
(37, 37, 1, 'GD-0037'),
(38, 38, 1, 'GD-0038'),
(39, 39, 1, 'GD-0039'),
(40, 40, 1, 'GD-0040'),
(41, 41, 1, 'GD-0041'),
(42, 42, 1, 'GD-0042'),
(43, 43, 1, 'GD-0043'),
(44, 44, 1, 'GD-0044'),
(45, 45, 1, 'GD-0045'),
(46, 46, 1, 'GD-0046'),
(47, 47, 1, 'GD-0047'),
(48, 48, 1, 'GD-0048'),
(49, 49, 1, 'GD-0049'),
(50, 50, 1, 'GD-0050'),
(51, 51, 1, 'GD-0051'),
(52, 52, 1, 'GD-0052'),
(53, 53, 1, 'GD-0053'),
(54, 54, 1, 'GD-0054'),
(55, 55, 1, 'GD-0055'),
(56, 56, 1, 'GD-0056'),
(57, 57, 1, 'GD-0057'),
(58, 58, 1, 'GD-0058'),
(59, 59, 1, 'GD-0059'),
(60, 60, 1, 'GD-0060'),
(61, 61, 1, 'GD-0061'),
(62, 62, 1, 'GD-0062'),
(63, 63, 1, 'GD-0063'),
(64, 64, 1, 'GD-0064'),
(65, 65, 1, 'GD-0065'),
(66, 66, 1, 'GD-0066'),
(67, 67, 1, 'GD-0067'),
(68, 68, 1, 'GD-0068'),
(69, 69, 1, 'GD-0069'),
(70, 70, 1, 'GD-0070'),
(71, 71, 1, 'GD-0071'),
(72, 72, 1, 'GD-0072'),
(73, 73, 1, 'GD-0073'),
(74, 74, 1, 'GD-0074'),
(75, 75, 1, 'GD-0075'),
(76, 76, 1, 'GD-0076'),
(77, 77, 1, 'GD-0077'),
(78, 78, 1, 'GD-0078'),
(79, 79, 1, 'GD-0079'),
(80, 80, 1, 'GD-0080'),
(81, 81, 1, 'GD-0081'),
(82, 82, 1, 'GD-0082'),
(83, 83, 1, 'GD-0083'),
(84, 84, 1, 'GD-0084'),
(85, 85, 1, 'GD-0085'),
(86, 86, 1, 'GD-0086'),
(87, 87, 1, 'GD-0087'),
(88, 88, 1, 'GD-0088'),
(89, 89, 1, 'GD-0089'),
(90, 90, 1, 'GD-0090'),
(91, 91, 1, 'GD-0091'),
(92, 92, 1, 'GD-0092'),
(93, 93, 1, 'GD-0093'),
(94, 94, 1, 'GD-0094'),
(95, 95, 1, 'GD-0095'),
(96, 96, 1, 'GD-0096'),
(97, 97, 1, 'GD-0097'),
(98, 98, 1, 'GD-0098'),
(99, 99, 1, 'GD-0099'),
(100, 100, 1, 'GD-0100'),
(101, 101, 1, 'GD-0101'),
(102, 102, 1, 'GD-0102'),
(103, 103, 1, 'GD-0103'),
(104, 104, 1, 'GD-0104'),
(105, 105, 1, 'GD-0105'),
(106, 106, 1, 'GD-0106'),
(107, 107, 1, 'GD-0107'),
(108, 108, 1, 'GD-0108'),
(109, 109, 1, 'GD-0109'),
(110, 110, 1, 'GD-0110'),
(111, 111, 1, 'GD-0111'),
(112, 112, 1, 'GD-0112'),
(113, 113, 1, 'GD-0113'),
(114, 114, 1, 'GD-0114'),
(115, 115, 1, 'GD-0115'),
(116, 116, 1, 'GD-0116'),
(117, 117, 1, 'GD-0117'),
(118, 118, 1, 'GD-0118'),
(119, 119, 1, 'GD-0119'),
(120, 120, 1, 'GD-0120'),
(121, 121, 1, 'GD-0121'),
(122, 122, 1, 'GD-0122'),
(123, 123, 1, 'GD-0123'),
(124, 124, 1, 'GD-0124'),
(125, 125, 1, 'GD-0125'),
(126, 126, 1, 'GD-0126'),
(127, 127, 1, 'GD-0127'),
(128, 128, 1, 'GD-0128'),
(129, 129, 1, 'GD-0129'),
(130, 130, 1, 'GD-0130'),
(131, 131, 1, 'GD-0131'),
(132, 132, 1, 'GD-0132'),
(133, 133, 1, 'GD-0133'),
(134, 134, 1, 'GD-0134'),
(135, 135, 1, 'GD-0135'),
(136, 136, 1, 'GD-0136'),
(137, 137, 1, 'GD-0137'),
(138, 138, 1, 'GD-0138'),
(139, 139, 1, 'GD-0139'),
(140, 140, 1, 'GD-0140'),
(141, 141, 1, 'GD-0141'),
(142, 142, 1, 'GD-0142'),
(143, 143, 1, 'GD-0143'),
(144, 144, 1, 'GD-0144'),
(145, 145, 1, 'GD-0145'),
(146, 146, 1, 'GD-0146'),
(147, 147, 1, 'GD-0147'),
(148, 148, 1, 'GD-0148'),
(149, 149, 1, 'GD-0149'),
(150, 150, 1, 'GD-0150'),
(151, 151, 1, 'GD-0151'),
(152, 152, 1, 'GD-0152'),
(153, 153, 1, 'GD-0153'),
(154, 154, 1, 'GD-0154'),
(155, 155, 1, 'GD-0155'),
(156, 156, 1, 'GD-0156'),
(157, 157, 1, 'GD-0157'),
(158, 158, 1, 'GD-0158'),
(159, 159, 1, 'GD-0159'),
(160, 160, 1, 'GD-0160'),
(161, 161, 1, 'GD-0161'),
(162, 162, 1, 'GD-0162'),
(163, 163, 1, 'GD-0163'),
(164, 164, 1, 'GD-0164'),
(165, 165, 1, 'GD-0165'),
(166, 166, 1, 'GD-0166'),
(167, 167, 1, 'GD-0167'),
(168, 168, 1, 'GD-0168'),
(169, 169, 1, 'GD-0169'),
(170, 170, 1, 'GD-0170'),
(171, 171, 1, 'GD-0171'),
(172, 172, 1, 'GD-0172'),
(173, 173, 1, 'GD-0173'),
(174, 174, 1, 'GD-0174'),
(175, 175, 1, 'GD-0175'),
(176, 176, 1, 'GD-0176'),
(177, 177, 1, 'GD-0177'),
(178, 178, 1, 'GD-0178'),
(179, 179, 1, 'GD-0179'),
(180, 180, 1, 'GD-0180'),
(181, 181, 1, 'GD-0181'),
(182, 182, 1, 'GD-0182');

-- --------------------------------------------------------

--
-- Estructura de tabla para la tabla `in_menu`
--

CREATE TABLE IF NOT EXISTS `in_menu` (
  `id` int(11) NOT NULL AUTO_INCREMENT,
  `nombre` varchar(100) NOT NULL,
  `url` varchar(100) NOT NULL,
  `nivel` int(1) NOT NULL,
  `submenu` int(2) NOT NULL,
  `depende` int(11) NOT NULL,
  `seccion` varchar(100) NOT NULL,
  `icono` varchar(100) NOT NULL,
  `tipo` int(2) NOT NULL,
  PRIMARY KEY (`id`)
) ENGINE=InnoDB  DEFAULT CHARSET=latin1 AUTO_INCREMENT=48 ;

--
-- Volcado de datos para la tabla `in_menu`
--

INSERT INTO `in_menu` (`id`, `nombre`, `url`, `nivel`, `submenu`, `depende`, `seccion`, `icono`, `tipo`) VALUES
(1, 'Inicio', 'index.php', 0, 0, 0, 'home', '<i class="fa fa-home"></i>', 1),
(5, 'Mi cuenta', 'myProfile.php', 0, 0, 0, 'profile', '<i class="fa fa-user"></i>', 1),
(38, 'Configuracion', '#', 0, 1, 0, 'configuracion', '<i class="fa fa-wrench"></i>', 1),
(39, 'menu-perfil', 'relMP.php', 1, 0, 38, 'relmp', '', 1),
(40, 'Perfiles', 'perfiles.php', 1, 0, 38, 'perfiles', '', 1),
(41, 'Sucursales', 'sucursales.php', 1, 0, 38, 'sucursales', '', 1),
(42, 'Accesorios', 'accesorios.php', 1, 0, 38, 'accesorios', '', 1),
(43, 'Estatus A.', 'estatusAccesorios.php', 1, 0, 38, 'estatusAccesorios', '', 1),
(44, 'Recepcion', '#', 0, 1, 0, 'recepcion', '<i class="fa fa-car"></i>', 1),
(45, 'Recepcion', 'recepcion.php', 1, 0, 44, 'recepcion', '', 1),
(46, 'Usuarios', 'usuarios.php', 1, 0, 38, 'usuarios', '', 1),
(47, 'Clientes', 'clientes.php', 1, 0, 38, 'clientes', '', 1);

-- --------------------------------------------------------

--
-- Estructura de tabla para la tabla `in_motivosIngreso`
--

CREATE TABLE IF NOT EXISTS `in_motivosIngreso` (
  `id` int(11) NOT NULL AUTO_INCREMENT,
  `nombre` varchar(100) COLLATE latin1_spanish_ci NOT NULL,
  `abreviacion` varchar(5) COLLATE latin1_spanish_ci NOT NULL,
  PRIMARY KEY (`id`)
) ENGINE=MyISAM  DEFAULT CHARSET=latin1 COLLATE=latin1_spanish_ci AUTO_INCREMENT=6 ;

--
-- Volcado de datos para la tabla `in_motivosIngreso`
--

INSERT INTO `in_motivosIngreso` (`id`, `nombre`, `abreviacion`) VALUES
(1, 'Servicio', 'SER'),
(2, 'Refrigeración', 'REF'),
(3, 'SPIN', 'SPIN'),
(4, 'Transporte', 'TR'),
(5, 'Garantía', 'GR');

-- --------------------------------------------------------

--
-- Estructura de tabla para la tabla `in_niveles`
--

CREATE TABLE IF NOT EXISTS `in_niveles` (
  `id` int(11) NOT NULL AUTO_INCREMENT,
  `nivel` varchar(2) NOT NULL,
  `descripcion` varchar(200) NOT NULL,
  `status` int(11) NOT NULL,
  PRIMARY KEY (`id`)
) ENGINE=InnoDB  DEFAULT CHARSET=latin1 AUTO_INCREMENT=6 ;

--
-- Volcado de datos para la tabla `in_niveles`
--

INSERT INTO `in_niveles` (`id`, `nivel`, `descripcion`, `status`) VALUES
(1, 'WB', 'Web Master', 1),
(2, 'AD', 'Administrador', 1),
(3, 'GT', 'Gerente', 1),
(4, 'US', 'Usuario', 1),
(5, 'CN', 'Consulta', 1);

-- --------------------------------------------------------

--
-- Estructura de tabla para la tabla `in_sucursales`
--

CREATE TABLE IF NOT EXISTS `in_sucursales` (
  `id` int(11) NOT NULL AUTO_INCREMENT,
  `nombre` varchar(200) NOT NULL,
  `ciudad` varchar(200) NOT NULL,
  `clave` varchar(20) NOT NULL,
  `status` int(1) NOT NULL,
  PRIMARY KEY (`id`)
) ENGINE=InnoDB  DEFAULT CHARSET=latin1 AUTO_INCREMENT=5 ;

--
-- Volcado de datos para la tabla `in_sucursales`
--

INSERT INTO `in_sucursales` (`id`, `nombre`, `ciudad`, `clave`, `status`) VALUES
(1, 'Frimax GDL', 'Guadalajara', 'GD', 1),
(2, 'Frimax CDMX', 'Ciudad de Mexico', 'MX', 1),
(3, 'Frimax Cancun', 'Cancun', 'CA', 1),
(4, 'Frimax Culiacan', 'Culiacan', 'CU', 1);

-- --------------------------------------------------------

--
-- Estructura de tabla para la tabla `rel_menu_nivel`
--

CREATE TABLE IF NOT EXISTS `rel_menu_nivel` (
  `id` int(11) NOT NULL AUTO_INCREMENT,
  `idMenu` int(11) NOT NULL,
  `idNivel` int(11) NOT NULL,
  PRIMARY KEY (`id`)
) ENGINE=InnoDB  DEFAULT CHARSET=latin1 AUTO_INCREMENT=74 ;

--
-- Volcado de datos para la tabla `rel_menu_nivel`
--

INSERT INTO `rel_menu_nivel` (`id`, `idMenu`, `idNivel`) VALUES
(5, 5, 1),
(7, 38, 1),
(8, 39, 1),
(9, 40, 1),
(10, 41, 1),
(11, 1, 1),
(12, 1, 2),
(14, 42, 1),
(15, 43, 1),
(16, 44, 1),
(17, 45, 1),
(18, 1, 3),
(19, 5, 3),
(20, 44, 3),
(32, 38, 3),
(37, 5, 2),
(51, 45, 3),
(52, 46, 1),
(53, 1, 4),
(55, 44, 4),
(56, 45, 4),
(57, 38, 2),
(58, 39, 2),
(59, 40, 2),
(60, 41, 2),
(61, 42, 2),
(62, 43, 2),
(63, 46, 2),
(64, 46, 3),
(65, 47, 1),
(66, 47, 2),
(67, 44, 2),
(68, 45, 2),
(69, 47, 3),
(70, 47, 4),
(71, 44, 5),
(72, 45, 5),
(73, 1, 5);

-- --------------------------------------------------------

--
-- Estructura de tabla para la tabla `usuarios`
--

CREATE TABLE IF NOT EXISTS `usuarios` (
  `id` bigint(20) unsigned NOT NULL AUTO_INCREMENT,
  `user` varchar(20) COLLATE utf8_unicode_ci NOT NULL,
  `pass` varchar(40) COLLATE utf8_unicode_ci NOT NULL,
  `nombre` varchar(50) COLLATE utf8_unicode_ci NOT NULL,
  `paterno` varchar(50) COLLATE utf8_unicode_ci NOT NULL,
  `materno` varchar(50) COLLATE utf8_unicode_ci NOT NULL,
  `email` varchar(80) COLLATE utf8_unicode_ci NOT NULL,
  `celular` varchar(50) COLLATE utf8_unicode_ci NOT NULL,
  `nivel` varchar(2) COLLATE utf8_unicode_ci NOT NULL,
  `sucursal` int(1) NOT NULL,
  `status` int(1) NOT NULL,
  `fechaAlta` datetime NOT NULL,
  `IdUsuarioAlta` int(11) NOT NULL,
  PRIMARY KEY (`id`)
) ENGINE=MyISAM  DEFAULT CHARSET=utf8 COLLATE=utf8_unicode_ci AUTO_INCREMENT=29 ;

--
-- Volcado de datos para la tabla `usuarios`
--

INSERT INTO `usuarios` (`id`, `user`, `pass`, `nombre`, `paterno`, `materno`, `email`, `celular`, `nivel`, `sucursal`, `status`, `fechaAlta`, `IdUsuarioAlta`) VALUES
(1, 'sistemas', 'f8a1c3805f580eb45cd137a2eae4ee0db0bc39fd', 'Frimax', 'Administrador', '', '', '', '1', 1, 1, '0000-00-00 00:00:00', 0),
(2, 'HCORONA', 'ba747a57ff5b546ee3b5cebd8ee664c42c8f9601', 'Hassiel', 'Corona', '', 'hcorona@frimax.mx', '3318453359', '3', 1, 1, '2017-07-05 11:47:49', 1),
(3, 'JALCANTAR', 'a4aba2edcf01388e28d39795154808321bd95317', 'Juan', 'Alcantar', '', 'serviciopostventa@frimax.mx', '3318453365', '4', 1, 1, '2017-07-05 11:49:44', 1),
(4, 'HPEREZ', '2c0d4745999e2b76269b9aa4bbddcb6f90573da7', 'Hugo', 'Perez', '', 'ti@frimax.mx', '1111111111', '1', 1, 1, '2017-07-05 11:50:59', 1),
(5, 'LOGGDL', 'ca3bcc281dbba8a4dee721ded999db47e395384a', 'Logistica GDL', '', '', 'logisticavehiculos@frimax.mx', '3316044033', '4', 1, 1, '2017-07-05 11:55:19', 1),
(6, 'LOGCAN', 'da39a3ee5e6b4b0d3255bfef95601890afd80709', 'Servicio Cancun', '', '', 'serviciocan@frimax.mx', '9982771534', '', 0, 1, '2017-07-05 11:57:04', 1),
(7, 'LOGCUL', '81db3ace058d0999e4ca446e9cefcf704175f785', 'LOGISTICA CULIACAN', '', '', 'serviciocln@frimax.mx', '', '4', 4, 1, '2017-07-13 13:49:51', 1),
(8, 'LOGMEX', '5b1d934e44b63eba299b1aae6e8b06608994a100', 'LOGISTICA MEXICO', '', '', 'serviciosmex@frimax.mx', '', '4', 2, 1, '2017-07-13 14:02:17', 1),
(9, 'LOGCANC', '4809bd46b89b76b78d36ca6c7862f51062a1cbd4', 'LOGISTICA CANCUN', '', '', 'serviciocan@frimax.mx', '', '4', 3, 1, '2017-08-10 12:34:17', 1),
(10, 'CONSULTA', '8cb2237d0679ca88db6464eac60da96345513964', 'CONSULTAS', '', '', '', '', '5', 1, 1, '2017-09-21 15:35:41', 1),
(11, 'ALFONSO QUIÃ‘ONEZ', 'da39a3ee5e6b4b0d3255bfef95601890afd80709', 'ALFONSO ', 'QUIÃ‘ONES', '', '', '', '5', 1, 1, '2017-10-25 11:27:37', 4),
(12, 'ALFREDO ARROYO', 'da39a3ee5e6b4b0d3255bfef95601890afd80709', 'ALFREDO ARROYO', '', '', '', '', '5', 3, 1, '2017-10-25 11:30:42', 4),
(13, 'ANDREA ZUÃ‘IGA', 'da39a3ee5e6b4b0d3255bfef95601890afd80709', 'ANDREA', 'ZUÃ‘IGA', '', '', '', '5', 2, 1, '2017-10-25 11:31:23', 4),
(14, 'BLANCA SILVA', 'da39a3ee5e6b4b0d3255bfef95601890afd80709', 'BLANCA', 'SILVA', '', '', '', '', 0, 1, '2017-10-25 11:31:59', 4),
(15, 'CHRISTIAN FIGUEROA', 'da39a3ee5e6b4b0d3255bfef95601890afd80709', 'CHRISTIAN JOEL', 'FIGUEROA', '', '', '', '5', 4, 1, '2017-10-25 11:48:06', 4),
(16, 'DANIEL RODRIGUEZ', 'da39a3ee5e6b4b0d3255bfef95601890afd80709', 'DANIEL', 'RODRIGUEZ', '', '', '', '5', 4, 1, '2017-10-25 11:49:06', 4),
(17, 'EDGARDO RODRIGUEZ', 'da39a3ee5e6b4b0d3255bfef95601890afd80709', 'EDGAR', 'RODRIGUEZ', '', '', '', '5', 1, 1, '2017-10-25 11:49:53', 4),
(18, 'ERNESTO PENA', 'da39a3ee5e6b4b0d3255bfef95601890afd80709', 'ERNESTO', 'PEÃ‘A', '', '', '', '5', 1, 1, '2017-10-25 11:50:38', 4),
(19, 'FELIPE MARTINEZ', 'da39a3ee5e6b4b0d3255bfef95601890afd80709', 'FELIPE', 'MARTINEZ', '', '', '', '5', 2, 1, '2017-10-25 11:52:01', 4),
(20, 'GREGORIO FUERTES', 'da39a3ee5e6b4b0d3255bfef95601890afd80709', 'GREGORIO', 'FUERTES', '', '', '', '5', 2, 1, '2017-10-25 11:53:18', 4),
(21, 'HORACIO FRANCES', 'da39a3ee5e6b4b0d3255bfef95601890afd80709', 'HORACIO', 'FRANCES', '', '', '', '5', 1, 1, '2017-10-25 11:57:35', 4),
(22, 'JAVIER GRIMALDO', 'da39a3ee5e6b4b0d3255bfef95601890afd80709', 'JAVIER', 'GRIMALDO', '', '', '', '5', 1, 1, '2017-10-25 11:58:07', 4),
(23, 'LUIS ENRIQUE RAMIREZ', 'da39a3ee5e6b4b0d3255bfef95601890afd80709', 'LUIS ENRIQUE', 'RAMIREZ', '', '', '', '', 0, 1, '2017-10-25 12:02:07', 4),
(24, 'RAYMUNDO MELANO', 'da39a3ee5e6b4b0d3255bfef95601890afd80709', 'RAYMUNDO', 'MELANO', '', '', '', '5', 1, 1, '2017-10-25 14:36:06', 4),
(25, 'MANUEL BARRIOS', 'da39a3ee5e6b4b0d3255bfef95601890afd80709', 'MANUEL BARRIOS', '', '', '', '', '5', 1, 1, '2017-10-25 18:21:02', 4),
(26, 'NATALY VELASCO', 'da39a3ee5e6b4b0d3255bfef95601890afd80709', 'NATALY', 'VELASCO', '', '', '', '5', 1, 1, '2017-10-25 18:21:36', 4),
(27, 'RAQUEL FRENCES', 'da39a3ee5e6b4b0d3255bfef95601890afd80709', 'RAQUEL', 'FRANCES', '', '', '', '5', 1, 1, '2017-10-25 18:24:27', 4),
(28, 'RICARDO FARIAS', 'da39a3ee5e6b4b0d3255bfef95601890afd80709', 'RICARDO', 'FARIAS', '', '', '', '5', 1, 1, '2017-10-25 18:24:54', 4);

/*!40101 SET CHARACTER_SET_CLIENT=@OLD_CHARACTER_SET_CLIENT */;
/*!40101 SET CHARACTER_SET_RESULTS=@OLD_CHARACTER_SET_RESULTS */;
/*!40101 SET COLLATION_CONNECTION=@OLD_COLLATION_CONNECTION */;
